content_hash,rtsp-0_pts_ms,rtsp-0_arrival_us,rtsp-0_bytes,udp-0_pts_ms,udp-0_arrival_us,udp-0_bytes,webrtc-0_pts_ms,webrtc-0_arrival_us,webrtc-0_bytes
0022d7858fa93429,53479,23431788,45845,53494,23430476,45845,,,
0073faeb8667378f,37478,7421597,37215,37484,7420225,37215,,,
00c3dce01846e40d,69013,38966401,41583,69028,38964451,41583,,,
00cd3917d8488c93,69372,39325457,24763,69388,39324199,24763,,,
00d25b30e0c5ece7,42510,12457906,22879,42520,12456623,22879,41792,12484010,22879
0109f65da3fb09a0,87459,57316296,30407,87378,57314831,30407,,,
0131a3ad8d665535,30875,825079,44699,30887,823562,44699,,,
01381a7ef40ef619,30165,106398,41912,30167,103826,41912,,,
013d8d0d99776089,51679,21635510,39580,51698,21634101,39580,,,
01e05bdb1679ed56,68172,38127658,55168,68189,38124885,55168,,,
01fdeb58cd84e256,43524,13480985,65008,43541,13477806,65008,,,
02035d0e8953b874,75427,45382812,44983,75445,45381459,44983,,,
02ad9599ee67b946,51023,20976419,42085,51038,20974077,42085,,,
02af1511c5063ae5,71767,41723689,52757,71785,41721162,52757,,,
031272c40929860e,30699,644799,42644,30707,643397,42644,,,
0344c58cb9b01437,89823,59776697,39805,89839,59775241,39805,,,
0357cc95001da167,55831,25773779,40580,55835,25771023,40580,,,
037674ae395cce42,44248,14199962,20132,44262,14198557,20132,,,
040714c5b72b3248,50541,20497413,57788,50558,20494514,57788,,,
044b86512008ef22,53837,23791943,45239,53854,23790538,45239,,,
0457e4eb2f04e998,46700,16655487,54738,46717,16653660,54738,,,
04de4c6f76680cac,82624,52580084,54191,82642,52578465,54191,,,
0528bea6fa4d1c4e,86944,56901377,71808,86902,56838266,71808,,,
057bfa43e64c5cc3,76633,46583978,42471,76645,46581758,42471,,,
05a6144512e581f0,72370,42323643,60280,72385,42321390,60280,,,
05b5d3e9e07a07b0,53718,23671942,41965,53734,23670475,41965,,,
05b6082c9865cc2e,80286,50239195,26315,80302,50238068,26315,,,
0632e966e3eca7ac,46579,16536032,52521,46598,16534074,52521,,,
066615d67ead68c7,79027,48981084,57015,79042,48978113,57015,,,
067d53461949b72c,69610,39565091,18649,69628,39564173,18649,,,
073f151ab463ce9c,56243,26192442,41242,56255,26191110,41242,,,
075f9eeba20c19b5,83942,53897570,13390,83959,53895177,13390,,,
079346b8b66f1161,47180,17135475,55905,47197,17133736,55905,,,
07b90e22e1b85bfa,64509,34464746,30063,64527,34463606,30063,,,
08302fbbaef9cc37,40831,10717484,26491,40780,10716490,26491,,,
083307276ea65528,68834,38787303,57983,68849,38785213,57983,,,
0858b062e80efea0,77650,47599472,58774,77662,47597906,58774,,,
08f136763c8d371f,62896,32849086,42014,62911,32847657,42014,,,
099bc99b1b0d318f,66551,36507286,55897,66568,36504466,55897,,,
09a24487a8931c29,62354,32309913,39179,62372,32308440,39179,,,
09ffa5594ca7d37f,78484,48438851,19404,78501,48437537,19404,,,
0a02503a1c970ad0,73267,43222756,51089,73285,43221317,51089,,,
0a0ed13703f30a12,37002,6941089,25350,37003,6939816,25350,,,
0acbb20f12ec562b,47544,17495734,40589,47557,17493589,40589,,,
0af76393ac9bee6f,71647,41602990,26323,71665,41601321,26323,,,
0b5d9139cd032375,44606,14558077,28728,44621,14556917,28728,,,
0bb0e2de33926703,81544,51500519,54291,81562,51498429,54291,,,
0bbaa3de9c4dffe9,30046,1978,55451,30064,0,55451,,,
0bc58f0081f4bac1,84601,54558012,57093,84619,54554936,57093,,,
0bee109789b71d1d,35366,5321106,20654,35383,5319600,20654,,,
0bf8a935190c6d14,30758,705082,43584,30767,703423,43584,,,
0c4675e3b8be3bde,64932,34885810,42377,64948,34884084,42377,,,
0c556e06069f5a67,84242,54196950,24811,84258,54194388,24811,,,
0c8366856a0f583f,64692,34647356,29719,64708,34644634,29719,,,
0c9d1ba0d9d2e304,73506,43462306,37136,73525,43461181,37136,,,
0cb6fbe3bae6e02b,30404,344564,39671,30407,343223,39671,,,
0cd604f1cfdcd6ce,89227,59177371,39455,89239,59175175,39455,,,
0d379304e93fc69d,85683,55635973,29205,85698,55634533,29205,,,
0db22c52df976c06,45266,15220734,58924,45282,15218684,58924,,,
0dc2705bc35d155e,86524,56480507,63826,86542,56477884,63826,,,
0dca85301c970224,44189,14138344,21050,44201,14136930,21050,,,
0dedbce64fcdd963,65951,35905665,31136,65968,35903978,31136,,,
0e2432cc8adde118,74291,44243949,46033,74305,44241403,46033,,,
0ea756e905f79a0d,41308,11258820,56597,41321,11256990,56597,40592,11287708,56597
0ebddd7fca8ed446,56781,26732295,39616,56795,26731085,39616,,,
0f82df034f644ac1,48320,18275923,33654,48337,18273771,33654,,,
0f922a8fe3a0d8eb,51739,21694675,19929,51757,21693695,19929,,,
0faab49f45219f5d,75307,45262655,41574,75325,45261357,41574,,,
0fbf3ca85a7e37bf,45507,15461018,58790,45521,15457842,58790,,,
101e16b09c08bcb4,60374,30330003,51186,60391,30327504,51186,,,
102c862c23054872,43645,13600537,63075,43662,13598623,63075,,,
10d0eaf5162e2e9d,85982,55936313,30476,85998,55934751,30476,,,
1118688b1dbfc78b,52817,22771958,45705,52834,22770388,45705,,,
11a95ce25e16571b,55949,25893266,42079,55955,25891205,42079,,,
128baf0a20eff660,87352,57196894,30992,87258,57194846,30992,,,
12b5457cdb4417ee,37122,7061183,25128,37124,7059892,25128,,,
12f52ac609bf9745,86102,56055873,29499,86118,56054558,29499,,,
130d87cdf11ae89a,80107,50059304,26633,80121,50057735,26633,,,
13365cc09ae29d94,71406,41361480,18588,71424,41360623,18588,,,
136888bb6ef3016b,67304,37227179,31371,67289,37225281,31371,66562,37258738,31394
13d670e44908c834,55036,24991919,40106,55054,24990768,40106,,,
1452e68c1a444ad8,43825,13779403,60364,43841,13777496,60364,,,
14602a768c2b80ef,66671,36626465,57706,66688,36624503,57706,,,
148d9a41ed2f00ac,36328,6282019,57117,36344,6280313,57117,,,
15882421589cafa4,56662,26613476,39167,56676,26612152,39167,,,
15bb2db5c3dfcdf4,78424,48380069,19354,78441,48377547,19354,,,
15ee6137554aa311,45206,15159239,58931,45221,15157550,58931,,,
163998da22cc761e,55890,25833758,41114,55895,25830992,41114,,,
166b85e107b632ad,65352,35307402,68265,65368,35304660,68265,,,
174802ccbfc57907,34527,4483647,58241,34545,4481652,58241,,,
179e96a3c2942cb3,48805,18757030,55036,48818,18753951,55036,,,
18f1af71620b90c1,60975,30931252,39372,60991,30927588,39372,,,
18fce9ce5e72c6f4,88201,58156701,41059,88219,58155115,41059,,,
193d609d7a6b50f0,76573,46524221,43568,76585,46521727,43568,,,
19cdc43e02cc71b1,69850,39807108,34563,69868,39804592,34563,,,
19e930bb77f17e8b,38606,8561722,38093,38624,8560379,38093,,,
1a3e6e7496d73b34,84061,54017612,39957,84078,54014801,39957,,,
1a5a56003bf532b7,67770,37705535,21259,67768,37704023,21259,67042,37730944,21259
1b6bcee2215e0b18,65831,35786528,31663,65848,35784663,31663,,,
1bb422fd4e0ef282,72968,42921853,26815,72984,42920819,26815,,,
1c1df71a34be1ea4,66921,36880209,60134,66935,36871078,60134,,,
1c2e94a0dc9062ff,80405,50358250,8083,80421,50357457,8083,,,
1c5c55f05fc4ac81,56419,26372388,39968,56435,26370922,39968,,,
1cc2123820996a49,70507,40463301,54207,70525,40461498,54207,,,
1cdd9e77772bc111,66491,36446783,53489,66508,36444378,53489,,,
1ce57082d79a75ca,39868,9822362,58203,39885,9820896,58203,,,
1d12a242b4a5c4a6,62173,32128970,39798,62191,32127443,39798,,,
1d457bcbbccfabb4,81245,51200710,56225,81262,51198799,56225,,,
1e3957e4d5dcf38d,66611,36566710,57416,66628,36564574,57416,,,
1e5c0e360ab0e264,72008,41963906,57345,72025,41961336,57345,,,
1e747ffc98e344e6,59413,29368548,36353,59431,29367191,36353,,,
1eac1cff217400f5,73028,42981798,26784,73044,42980753,26784,,,
1ed80f1223c43c84,68352,38308096,59867,68369,38305206,59867,,,
1f1bd934a16fbfc6,57140,27093639,41677,57155,27091466,41677,,,
1f559c4bd54a3c1a,78967,48920001,38926,78981,48917683,38926,,,
1f8a86a7dab09c8a,57497,27452160,38400,57515,27450940,38400,,,
1fbc68c9c15712f1,50061,20015147,26527,50077,20013653,26527,,,
1ffc8cf66a852aba,45982,15934209,27536,45997,15933219,27536,,,
202c430875fb98b8,35247,5201346,26741,35263,5199631,26741,,,
209d83def283fe95,32613,2564508,30603,32627,2563285,30603,,,
21063191813af84a,67422,37345674,28829,67408,37344046,28829,66682,37371747,28829
212d58621fec8404,43284,13238107,41414,43301,13236902,41414,,,
21561fc0a292e5b0,46161,16116274,13877,46177,16113590,13877,,,
218176e273fe83b0,80048,50000115,26631,80062,49998322,26631,,,
21852888e2f3d976,58755,28709846,51013,58771,28707314,51013,,,
21a9459a116321cc,39689,9643232,58294,39705,9641222,58294,,,
227b70e2a1beda03,38486,8441824,37688,38504,8440426,37688,,,
22b946ea32c176d6,59234,29188453,36856,59251,29187169,36856,,,
235fffbdd30479e5,75727,45682857,46823,75745,45681485,46823,,,
239498ad755a38d5,32912,2867509,69126,32928,2864064,69126,,,
24402decd804c518,71225,41181632,25069,71244,41180650,25069,,,
24d9141b2594c9cd,72309,42265669,60368,72327,42263013,60368,,,
254091bd24821c48,53897,23851869,45645,53914,23850514,45645,,,
256a40129f47258d,39450,9403066,58130,39465,9401536,58130,,,
25d6dbd16601cc41,89525,59477683,42358,89539,59475310,42358,,,
25fa94e149eccae0,39570,9522205,57908,39584,9520753,57908,,,
260af21ade428d26,47723,17674903,25835,47737,17673391,25835,,,
2627cbfd2b91ca19,36149,6102031,57325,36164,6100364,57325,,,
26771c266ba0e574,49044,18996256,55354,49058,18994077,55354,,,
26afb913efd3e9a8,85322,55275857,28019,85338,55274472,28019,,,
27a2bcae503134e8,75846,45802874,46881,75865,45801594,46881,,,
280a8c089c5d6c3a,44308,14258255,19716,44321,14256887,19716,,,
286823e03f2c28b2,47060,17015547,55513,47077,17013696,55513,,,
28893ab002f2e80d,37713,7661661,36700,37724,7660313,36700,,,
28b5950fc2cfbb83,57800,27753172,38021,57816,27751861,38021,,,
28cd85b81546e7be,33507,3460852,22634,33523,3459384,22634,,,
28ebc6f655ccd428,39808,9762293,58033,39824,9760850,58033,,,
29049601208cb2af,88987,58937497,41595,88999,58935385,41595,,,
290c0e1b94996e63,72790,42743192,27109,72806,42742179,27109,,,
293abf83259ef92c,78907,48859179,27939,78921,48857546,27939,,,
29404276a9eab223,79445,49400595,58797,79462,49398669,58797,,,
294476a8a74d4672,88863,58819711,40973,88882,58818214,40973,,,
296771d1d6da2b18,34466,4421926,57573,34484,4420060,57573,,,
29a33366381d36cb,88084,58036770,42218,88099,58035176,42218,,,
2a2f6371fe695f96,67481,37405724,28720,67468,37404044,28720,66742,37433594,28720
2a35659595401c78,50361,20317157,56767,50378,20314235,56767,,,
2a6739408f2115db,31051,1005009,44335,31067,1003413,44335,,,
2a978c405f950ce2,88562,58517361,41625,88579,58515187,41625,,,
2ac83d849d33ee8c,53299,23251459,30129,53314,23250295,30129,,,
2ad8c17694356f90,62233,32188871,39607,62251,32187481,39607,,,
2aebbac7e37777d6,75607,45563113,46177,75625,45561829,46177,,,
2b427647ca82f9b7,57259,27213086,38621,57275,27211017,38621,,,
2b53731e54bf1869,51143,21094918,27932,51157,21093791,27932,,,
2b64eba3e51c3e8e,41365,11318584,57011,41381,11317135,57011,,,
2bca1b2bcc97affd,62657,32611049,40546,62672,32608727,40546,,,
2c05e660cde23ae8,81787,51741319,41322,81802,51738552,41322,,,
2c12583e1632cef5,77410,47361239,58084,77422,47358392,58084,,,
2c8cb0e8db81b7b1,46220,16173730,6534,46237,16172961,6534,45492,16200201,6810
2ce5558756addb7c,50241,20197550,55823,50258,20194316,55823,,,
2cffabbc7a0364ce,75967,45922959,46274,75985,45921614,46274,,,
2d5d70a6d2bab28a,45683,15634367,30315,45697,15633175,30315,,,
2d6bfe64ff5aacc5,81185,51140931,57211,81202,51138511,57211,,,
2db53a01d7b4b3dc,33031,2987660,69187,33048,2984047,69187,,,
2dbc285ca7cedb7c,51262,21214896,27068,51277,21213828,27068,,,
2dd12d0c1a7f00c2,69971,39927549,52520,69988,39924752,52520,,,
2e0c7d021581491e,32553,2504553,30954,32567,2503314,30954,,,
2eb717d3c820a272,76988,46939856,28175,77001,46937849,28175,,,
2ef72fe177f3413b,57676,27632488,38130,57695,27631086,38130,,,
2f5e8831339269ec,30522,464629,39684,30527,463314,39684,,,
2f955e8be66696f3,38906,8862286,54372,38924,8860705,54372,,,
2fc598717e5766dd,53359,23311348,23495,53374,23310165,23495,,,
2fcbbdb65163cba7,37537,7481611,36565,37544,7480215,36565,,,
2fee6a445a91632f,68472,38427709,60241,68488,38424783,60241,,,
303c4632c76fc3fe,82805,52760377,54462,82822,52758544,54462,,,
30929ac98d51a691,55593,25535938,41940,55597,25533751,41940,,,
3096afb96bb92a4e,49821,19774780,18913,49837,19773550,18913,,,
30e6454381ad124d,88742,58696715,41303,88759,58695201,41303,,,
310786aa53f6ca50,75907,45862885,46286,75925,45861540,46286,,,
31c26d34b8777caf,38185,8141641,38159,38204,8140465,38159,,,
332b897968636ab3,37360,7301872,39459,37364,7300397,39459,,,
34ac0fb7a213ba7d,54377,24332009,47012,54394,24330630,47012,,,
34ca72bb0cc31400,61993,31948809,39606,62011,31947417,39606,,,
34faf7f9ca694fea,68774,38726782,58442,68788,38724747,58442,,,
351a4744aac00a75,54916,24872222,40349,54935,24870921,40349,,,
35779ddc822e1d9b,35187,5141640,26886,35204,5139935,26886,,,
359fe30bda00b4c0,61394,31349482,39631,61411,31347436,39631,,,
367cb6f46406b377,76749,46699005,29626,76761,46697398,29626,,,
369ab3c5103431d9,62597,32549802,41083,62611,32547621,41083,,,
36b25661db9e8b9b,82027,51978983,18287,82042,51978039,18287,,,
36f1a3641e76d16b,47240,17195892,56155,47257,17193783,56155,,,
3777ea83816010a0,39390,9342177,58070,39404,9340726,58070,,,
379b8a859c0a2243,85923,55876464,31975,85938,55874578,31975,,,
3896440bd7933dab,72909,42861891,27075,72924,42860841,27075,,,
390af36e8357c82f,32253,2209228,30863,32268,2204809,30863,,,
3992747691ee994e,36089,6042153,56952,36104,6040386,56952,,,
39b43e0dc459c657,68592,38547614,60162,68608,38544764,60162,,,
39b7f524c04b56e4,44665,14619549,28019,44681,14617813,28019,,,
39cc3678ce862dd7,54076,24032227,46889,54094,24030567,46889,,,
3a5bced379877f43,48445,18401777,52332,48462,18398054,52332,,,
3a9b55efe6e9bfbe,68532,38487777,60508,68548,38484833,60508,,,
3abcb021b8789cb6,52996,22951464,30679,53014,22950245,30679,,,
3adf9b94235fc59b,56126,26073202,41558,56135,26070995,41558,,,
3aec372758e0c1c0,88802,58756781,41526,88819,58755250,41526,,,
3bd21d4f571cd1e3,83762,53717025,26803,83779,53715613,26803,,,
3c258697bef1735c,68231,38187440,58018,68248,38184805,58018,,,
3c7f6b6dd21fda86,35486,5442224,40409,35504,5439867,40409,,,
3ca89ee59ad306b3,32189,2144461,30750,32207,2143297,30750,,,
3cb7668c66e2f06c,87089,56935096,51812,86995,56931273,51812,,,
3cfa3cd840920299,53598,23551356,23000,53614,23550133,23000,,,
3d0515b319ba60e0,43404,13359079,63766,43421,13357366,63766,,,
3d0dc718b39fc883,80885,50841849,54392,80903,50839561,54392,,,
3d438317c0358933,42272,12220269,22452,42282,12218626,22452,,,
3d44b17f47787b99,76693,46643697,41652,76705,46641684,41652,,,
3d96588319abcc1f,72849,42802060,26788,72865,42801027,26788,,,
3dd9c847f5e3753b,42688,12644389,56181,42702,12638033,56181,,,
3def3a53ba6c06de,49103,19055692,55322,49118,19053933,55322,,,
3e68aa48e130e429,32373,2324442,31147,32387,2323324,31147,,,
3e9355ba17c89625,35909,5863259,55817,35924,5860428,55817,,,
3eae0c3cfce95e02,58036,27988359,38060,58051,27986997,38060,,,
3ed99386f1208365,65292,35247983,68464,65308,35244568,68464,,,
3eeb84bd36d389be,52876,22831637,32550,52894,22830248,32550,,,
3f2c3b91258cc123,43164,13118705,29629,43181,13116906,29629,42452,13145531,29675
3f8a773f1d5cd97e,57557,27512345,38467,57575,27511048,38467,,,
3f9629864417e74e,63256,33210649,43473,63273,33208884,43473,,,
3fb38dfc54253b51,35546,5500890,20410,35563,5499587,20410,,,
3fb714e42946e9b4,50964,20917243,57814,50978,20914281,57814,,,
3fb9709039fe9e66,33152,3107592,69326,33168,3104148,69326,,,
402e6326c1020f52,51322,21275231,26719,51338,21274079,26719,,,
415d33a60b1b7902,82086,52038912,17949,82102,52037895,17949,,,
41682ac460c4aa22,50300,20256985,56426,50318,20254327,56426,,,
41a79bf4e1a22a70,73992,43944036,62015,74005,43941488,62015,,,
41b4ba6bad01fba6,56067,26013071,41368,56075,26010911,41368,,,
420675ec4cc9a157,58095,28048407,38122,58111,28047066,38122,,,
4298d7809401830b,68894,38846875,57803,68908,38844693,57803,,,
42b110efcbb22297,78067,48020695,43332,78082,48018276,43332,,,
432c84e6a34c9989,33925,3881187,36479,33943,3879679,36479,,,
43f7f65d6b284b05,85382,55336738,27155,85399,55334994,27155,,,
43f891b6bb69b262,58695,28649168,36491,58711,28647179,36491,,,
4422b611197ae86f,61334,31289509,39561,61351,31287422,39561,,,
442b158db9865ed8,45922,15874167,27713,45937,15873117,27713,,,
44571e0f35397c98,53777,23731877,44305,53794,23730463,44305,,,
446d66434b3f6e52,37241,7181056,25185,37244,7179848,25185,,,
44bc6dcdd07f5ee1,54437,24392168,46811,54454,24390848,46811,,,
44e410dc7d145a63,80703,50659311,33443,80722,50658055,33443,,,
44edb7c6770a8e5d,59714,29669346,35628,59731,29667248,35628,,,
451f52b08bf7f8b5,64210,34164351,16991,64227,34163431,16991,,,
455bddbf062015c1,48925,18876097,55962,48938,18874215,55962,,,
457d0406f8f592a5,71166,41121744,25034,71184,41120729,25034,,,
45c86f172a17760a,40271,10182421,26750,40196,10132338,26750,,,
46072002b4b439b8,68412,38367759,60295,68428,38364791,60295,,,
46f934c97b344377,85743,55696308,29476,85758,55694473,29476,,,
47134c684ad3c458,89466,59419358,66297,89479,59415734,66297,,,
4718298c2888ab00,89585,59537573,40455,89599,59535238,40455,,,
4770d283dbcdb975,62293,32249466,39246,62311,32247682,39246,,,
4776a0ec26581823,44725,14678230,27893,44741,14677098,27893,,,
4799adb46807ae2d,33092,3047530,69274,33108,3044083,69274,,,
481c824a4e410bba,56301,26252342,40966,56315,26251037,40966,,,
483372ce8ba4d006,40617,10478323,26203,40540,10476842,26203,,,
4846e9a1dbe724cc,49761,19714725,18665,49777,19713536,18665,,,
484961a44a1c2ae8,62055,32010796,39550,62073,32009273,39550,,,
486a0e57181d8f54,50481,20436568,57816,50498,20434618,57816,,,
48f8aa41601e850d,63494,33450924,43577,63513,33448927,43577,,,
496cea56f44fe694,40209,10164602,27434,40166,10102214,27434,,,
497df10ff079aef1,47903,17854828,25466,47917,17853403,25466,,,
49bb55f54977c4c1,64449,34404893,30097,64467,34403561,30097,,,
49e62ffd1e8a80b7,61754,31708812,39226,61771,31707343,39226,,,
49f2b27cf9857967,36627,6582021,56596,36644,6580550,56596,,,
4a3915395da731be,32673,2625060,43458,32687,2623553,43458,,,
4a42d7b1e554faff,84723,54678228,57960,84739,54674918,57960,,,
4a64a708d32c83e1,87863,57797859,42834,87859,57795160,42834,,,
4a9335494439118d,48745,18696921,54624,48758,18693926,54624,,,
4af5e6e208ea8862,62414,32369901,55395,62432,32368155,55395,,,
4b13a72ab5b1357b,31170,1126218,45413,31188,1124068,45413,,,
4c1551cc452bdcc4,66131,36086323,32756,66148,36084166,32756,,,
4c4893adceaff909,83106,53062186,56259,83124,53060594,56259,,,
4c86c4ae86ccf6cc,45086,15042070,59105,45103,15038874,59105,,,
4cc3418fdbd093c7,61874,31829281,39435,61891,31827428,39435,,,
4cdaf4492fa0f148,69133,39085699,26744,69148,39084234,26744,,,
4e2e41288ab09375,69789,39745626,25751,69808,39744245,25751,,,
4e57f8785c63ad57,44784,14738696,38476,44801,14737336,38476,,,
4efbc86bd388c993,84182,54136316,19104,84199,54134935,19104,,,
4f16ade60532a015,55536,25477490,42413,55540,25476130,42413,,,
4f992eb69b68699d,71828,41783778,55924,71845,41781303,55924,,,
501235cbb4abe95b,46760,16715429,55205,46777,16713638,55205,,,
50a87d095db7abae,70866,40822315,39713,70885,40820946,39713,,,
50d44c3b21971b16,35426,5380174,8884,35443,5379290,8884,,,
50e3c6d7a308169f,69193,39145611,25835,69208,39144221,25835,,,
50eb50e8a4da272a,72669,42622244,28279,72685,42621185,28279,,,
5130f4e32ff5b5a1,47843,17794967,25425,47857,17793449,25425,,,
51394e93a6d7cf34,52338,22292171,57662,52354,22290553,57662,,,
5168211121f11b19,89346,59297446,39461,89359,59295290,39461,,,
51caa13d7e755835,59654,29610526,35778,59672,29608448,35778,,,
51d2988bd26edf68,33388,3342478,23811,33404,3340368,23811,,,
530cd7a64230f2f2,74112,44064600,60595,74125,44061618,60595,,,
533cf885b064077b,75066,45022744,45549,75085,45021385,45549,,,
53e27c0615017fa4,34768,4722931,58094,34784,4720144,58094,,,
53e5911ba93c879d,56184,26133109,41372,56195,26130971,41372,,,
54155ccffe3b6a3e,31229,1185138,45874,31247,1183507,45874,,,
548b877493c6895a,39149,9105952,58398,39165,9101141,58398,,,
54b932d90d27ce8e,33448,3402071,23489,33464,3400167,23489,,,
5599389afa2ef6f9,76087,46043024,46184,76105,46041753,46184,,,
55a018d583153b7f,45146,15099386,59005,45161,15097702,59005,,,
55bafe788d1d0119,88622,58576638,41078,88639,58575115,41078,,,
55c62c563220dfc4,61096,31050553,39842,61112,31048059,39842,,,
563963bb2e48d5c1,41972,11928754,47459,41990,11926284,47459,,,
566b2daed3af80c4,52159,22113360,56644,52174,22110490,56644,,,
5695a230ad859f11,49222,19176182,55668,49238,19174188,55668,,,
56b2778a922b3d4f,76027,45982860,46044,76045,45981491,46044,,,
56caae37e2a8fb5a,50121,20075874,36294,50137,20073753,36294,,,
572425f896625cb5,87124,56957712,35490,87019,56955598,35490,,,
575048989bb029a2,63434,33390453,44413,63452,33388634,44413,,,
577806ef62d6b563,51799,21754640,18887,51817,21753716,18887,,,
57dc9bfcb70477c6,36388,6342033,57010,36404,6340447,57010,,,
5816bf11d3c356ba,50724,20677173,57918,50738,20674458,57918,,,
58276d4399c90796,81065,51020673,55757,81082,51018716,55757,,,
584dedab20b8c85e,75127,45082096,24032,75145,45081054,24032,,,
58665225fd8c3f62,79087,49041558,59823,79102,49038412,59823,,,
5882d0836986d314,67185,37107260,62936,67168,37104809,62936,66442,37136342,64661
58ced1ce721813e3,35127,5081945,27022,35144,5079998,27022,,,
5901dc5f2122b621,54556,24511966,45186,54574,24510634,45186,,,
596e6018faf1d57c,36866,6822438,25737,36885,6821399,25737,,,
598908d3af04d2f6,52518,22472362,59375,52534,22470693,59375,,,
59a04b7d090e3b78,51203,21155661,27415,51218,21154137,27415,,,
59b8b5d90117f714,31529,1485225,46597,31547,1483673,46597,,,
59c87224cf37e876,46101,16054049,20902,46117,16053057,20902,,,
5a09cf7106775c5f,83406,53360537,54759,83422,53358594,54759,,,
5ad3c88e1f4067d8,80763,50720776,50370,80782,50718304,50370,,,
5b0fc8d2b6bf3370,52757,22712203,60044,52774,22710637,60044,,,
5ba7c4b5364e9bf1,36746,6701200,28168,36764,6699905,28168,,,
5bcf2ab7940dab25,87611,57496257,30141,87559,57494874,30141,,,
5bf5f82b673070f3,31469,1425080,45835,31487,1423535,45835,,,
5c51558aa59ddd1c,48380,18336559,49591,48398,18333871,49591,,,
5c80a742c99b7435,77167,47118857,28055,77181,47117270,28055,,,
5ccabd9ff2cf9a9e,60915,30870534,39274,60931,30867424,39274,,,
5ced9ca10648e741,79808,49760408,41566,79822,49758116,41566,,,
5d10b8456eac93d5,76809,46758322,15567,76821,46757185,15567,,,
5d5800120cf840e0,82745,52700386,54860,82762,52698518,54860,,,
5d5a0b4edc5d980a,45863,15814317,27760,45877,15813188,27760,,,
5e8749596524d580,33272,3224933,35304,33287,3223529,35304,,,
5f0219ded2e7a592,40336,10237114,26672,40261,10197622,26672,,,
5f04ea6314f1ae58,88261,58217995,40559,88279,58215137,40559,,,
5f16f337cd4049b4,38366,8321770,37474,38384,8320325,37474,,,
5f1d72fa7c9a81b7,78728,48679418,29920,78741,48677701,29920,,,
5f551aa1ab99f470,30285,224667,39612,30287,223396,39612,,,
5f5a81910ae9000f,33332,3284379,25470,33347,3283314,25470,,,
606855df7f3988c3,52043,21998131,54960,52058,21994448,54960,,,
608d6e987a1e4381,89645,59599329,40067,89660,59596026,40067,,,
609766c52bab846a,30344,284469,39551,30347,283269,39551,,,
612701b58ea36404,58275,28228801,38106,58291,28227094,38106,,,
6138d359b155bcc5,41788,11739738,60892,41801,11737202,60892,,,
6237b425410949b1,63735,33690114,43861,63751,33687746,43861,,,
636a52dd55b17a75,53059,23015170,30678,53076,23011882,30678,,,
636d846cd70759d9,52398,22352087,57761,52414,22350538,57761,,,
637fbf504ed608c7,43344,13298959,60953,43361,13297352,60953,,,
638edbe2694a85ac,54317,24273947,47017,54335,24271799,47017,,,
63d21ddf1ceb66e2,86340,56296441,29681,86358,56294667,29681,,,
63dae75ed605bfc3,52936,22891694,31112,52954,22890211,31112,,,
64028d1e0885191b,50784,20738337,57631,50798,20734693,57631,,,
640eba109ba1954b,42332,12278541,22485,42341,12277166,22485,41612,12305249,22508
643b8be44e3249a3,63314,33269077,43947,63331,33267671,43947,,,
644acd099893aa6d,49642,19597748,18673,49659,19595647,18673,,,
6472cc6259c4d4a2,65772,35726311,31000,65788,35724448,31000,,,
64fd72d611706e87,55713,25653326,40269,55715,25651137,40269,,,
6515d818b0693183,34286,4242045,57731,34304,4240111,57731,,,
6541b65bdeeae8ea,43705,13659098,60879,43721,13657463,60879,,,
6548747dd8f7e8d4,70926,40881896,27854,70944,40880816,27854,,,
65683485618925f0,57976,27929124,38316,57991,27927382,38316,,,
65b4821235846675,34226,4182125,57322,34244,4180150,57322,,,
65ca0b7a03f8d2a8,43464,13420539,64840,43482,13418718,64840,,,
65f2607b2f4a04b5,36567,6522040,56939,36584,6520558,56939,,,
661f2409a5d1cc23,85443,55398994,27093,85459,55395187,27093,,,
6651897a45ffd0f8,54136,24091956,46770,54154,24090580,46770,,,
66ec1addc5c93148,37419,7361604,38106,37424,7360244,38106,,,
67511dae0d33f01b,46518,16474876,35576,46537,16473557,35576,,,
67642a97998fb79c,37772,7721642,36499,37784,7720235,36499,,,
67827e43a501cf36,74530,44482274,28754,74545,44481038,28754,,,
6784e0aba62d993a,79868,49820076,29032,79882,49818283,29032,,,
67b952006b6341a7,40779,10662411,26718,40725,10661340,26718,,,
67ff219cb8b1d3c5,78364,48318727,19730,78381,48317412,19730,,,
68493697f17a9c93,89286,59237455,38935,89299,59235213,38935,,,
687725eb3545e1a2,62476,32432715,68896,62493,32429452,68896,,,
68a8e1ed29e32267,32733,2685713,63403,32747,2683782,63403,,,
68ca4caa118eea51,47484,17436611,55054,47498,17433903,55054,,,
695cf5e51db233f4,83166,53122041,54665,83184,53120054,54665,,,
69756c5998bac808,71707,41662810,36310,71725,41660955,36310,,,
69d2a7e6ed0f3346,34046,4001962,55896,34064,4000070,55896,,,
6a1815cc39313d05,76327,46282909,45603,76345,46281578,45603,,,
6a46d64d9a6c6371,39510,9462274,57768,39524,9460790,57768,,,
6a869168132ab886,71466,41422485,48407,71485,41421120,48407,,,
6a976f42caff4c86,74052,44004621,60745,74065,44001616,60745,,,
6a9b5ab1bb905bc6,47664,17614941,26929,47677,17613393,26929,,,
6acda7ecd6119e62,68114,38066997,37513,68128,38064728,37513,67399,38091758,37513
6adb83d58a1294db,47962,17914449,19278,47977,17913317,19278,,,
6b00be713e1e534c,60616,30569230,54323,60631,30567566,54323,,,
6b10193f4ff998f7,73807,43763282,59664,73825,43761770,59664,,,
6b2ba05306d5b293,57739,27695502,37625,57757,27693368,37625,,,
6b7354816e4885a7,82206,52158740,12051,82221,52157756,12051,,,
6ba6073c20028222,61035,30990288,39603,61051,30987453,39603,,,
6c28cb6515152a01,84422,54377781,54862,84439,54375101,54862,,,
6c68082ac445e78f,71948,41903931,56996,71965,41901366,56996,,,
6cfd2d34dc7d26cb,68291,38247900,58946,68308,38244739,58946,,,
6d1eb38f24948091,49163,19115739,55395,49178,19113979,55395,,,
6d34f4c57a5277b9,58455,28410971,37860,58472,28408514,37860,,,
6d9365e4b9df364f,76387,46342991,45311,76405,46341765,45311,,,
6da4fec08ce9b62e,44129,14078427,22953,44141,14077108,22953,,,
6dbf7de6b8af073f,59954,29909111,36619,59971,29907413,36619,,,
6de1082b258f5ff5,83702,53655698,26506,83718,53654228,26506,,,
6df8922a12998779,70986,40941879,25982,71004,40940703,25982,,,
6dfd3e9a1ac095d5,79266,49221634,61585,79282,49218589,61585,,,
6e1fb80851785610,74351,44303006,31938,74365,44301204,31938,,,
6e5e383f8ea5f801,59834,29789101,36315,59851,29787200,36315,,,
6e61b763cccf64a0,85803,55755716,23390,85818,55754437,23390,,,
6e773284ddf39b39,36806,6761196,26614,36824,6759914,26614,,,
6e81dae1e91c638d,36268,6222102,57453,36284,6220322,57453,,,
6ee504ec2673cf2e,39330,9282293,57564,39344,9280751,57564,,,
6f2f7dbd4a11ddcd,41728,11680227,59738,41741,11677263,59738,41012,11706435,59761
6f415915274b6c60,47120,17076375,55810,47138,17074167,55810,,,
6f8bf7b83451e918,58335,28288416,37546,58351,28287045,37546,,,
6fd8656464d43507,50904,20857325,57466,50918,20854450,57466,,,
7060f50ee67a6e7e,61934,31888812,39491,61951,31887418,39491,,,
7061ca13ce8b4d74,34708,4662976,57655,34724,4660147,57655,,,
7063e6a94e468ca4,87296,57136716,30857,87199,57134904,30857,,,
70723e17554fb898,79688,49644896,56342,79702,49638543,56342,,,
70aa773ce3f5d1b5,59473,29429901,36440,59492,29428329,36440,,,
70cc4ad6a2df5033,85563,55515951,28375,85578,55514522,28375,,,
716ef34deedf5ec8,30640,584870,41631,30647,583366,41631,,,
71dd9c30b40f4a60,56008,25953132,42130,56015,25950993,42130,,,
72053105e1d8b4f1,69550,39505486,24937,69568,39504244,24937,,,
726cf9fb3f1b20cf,74947,44901390,10708,74965,44900847,10708,,,
728e59e2fc93f821,55277,25233878,71875,55296,25231982,71875,,,
74114cc3169ebffb,67539,37465655,28169,67528,37464025,28169,66802,37498813,28169
743b33dca858db47,69073,39025757,28738,69088,39024288,28738,,,
74b8d94b7880ae71,58394,28348395,37501,58411,28347038,37501,,,
74efd0a22c4c60de,51859,21815100,24590,51877,21813804,24590,,,
750c2c2a836309e6,66251,36206094,29112,66268,36204200,29112,,,
75524744ef22c17a,37948,7901820,37201,37964,7900308,37201,,,
755f3aa20b01344b,51920,21876406,35220,51938,21874174,35220,,,
756e4612bddbbbe6,35726,5681616,35391,35744,5680026,35391,,,
7574bc785ce77753,81604,51560499,54966,81622,51558432,54966,,,
759edbcc425a1287,75247,45202095,29660,75265,45201093,29660,,,
75c71cb54d9073ea,65712,35665072,31233,65728,35663929,31233,,,
75cdf25a6065b0b0,38066,8021757,38354,38084,8020542,38354,,,
767d3bcf2068516d,51501,21454983,26643,51518,21453859,26643,,,
767fbad39d2084f3,71587,41542627,26929,71605,41541406,26929,,,
7697554f722fae1b,49579,19534820,19030,49597,19533598,19030,,,
76c6a5d4304c15b5,81907,51859207,20598,81922,51857940,20598,,,
76cd61569a8cf7e2,54016,23972534,46596,54035,23970973,46596,,,
77b37b8d3b51d591,45623,15574932,43114,45637,15573444,43114,,,
77c25cc40b92ab31,72068,42024160,59925,72085,42021462,59925,,,
7807cabc074c01e2,77709,47659416,58808,77722,47657933,58808,,,
7848b5fef1743291,75667,45622952,46274,75685,45621620,46274,,,
788cb4a78aabf84e,79206,49161326,61664,79222,49158192,61664,,,
789918c85428727a,39270,9222967,57011,39285,9221479,57011,,,
78a433e237ecde43,84903,54857852,58435,84919,54854886,58435,,,
7928320a23e04474,81967,51920607,19033,81983,51919197,19033,,,
7988e33dd4cfdd85,66191,36146082,30400,66208,36144014,30400,,,
79a26b99f16811a6,83466,53420307,40183,83482,53418601,40183,,,
79ca13e657f22d69,42924,12878575,30807,42941,12876911,30807,42212,12907678,30830
7a675afc6c582e31,70327,40282505,54130,70345,40281030,54130,,,
7a73deaf5e57456f,48082,18036201,38667,48097,18033839,38667,,,
7a93632d8b6d95c5,88502,58457370,41090,88519,58455173,41090,,,
7aade3ca72388e8a,72128,42083016,59634,72145,42081350,59634,,,
7ae067e120057ead,82266,52220360,48134,82282,52218745,48134,,,
7b307095084b0e66,82564,52520514,53001,82582,52518503,53001,,,
7b7d2a19e3079466,73566,43522948,54895,73585,43521443,54895,,,
7b8184b0005deb0b,30225,164871,40038,30227,163505,40038,,,
7ba6178169f7e3e9,82925,52880405,55951,82942,52878622,55951,,,
7bcc7a1545508c47,47783,17734890,25725,47797,17733420,25725,,,
7be0cabb3ce4cbaf,63675,33630145,43617,63691,33627732,43617,,,
7bffcea9f236b26f,32971,2927765,69174,32988,2924139,69174,,,
7c98ccb7486eaecd,37301,7242376,62944,37304,7240681,62944,,,
7c9aafab7aeb753d,62777,32729180,40840,62791,32727646,40840,,,
7cb9beb4ea9ad4a8,54736,24692633,42084,54755,24691256,42084,,,
7d03c2e0c3f88621,67884,37826469,41822,67888,37824312,41822,67159,37852457,41845
7d5b5f15d1b6a3cd,56360,26312243,40386,56375,26310943,40386,,,
7da5cff487feac84,67941,37885453,21780,67948,37884113,21780,,,
7de465cf1e54f6f9,42451,12398681,22549,42460,12396661,22549,41732,12425061,22549
7debc4d3086f84ca,83642,53595666,27006,83658,53594198,27006,,,
7dfeb8bfa9a0d565,73687,43643131,58786,73705,43641531,58786,,,
7e5eba5474e5629e,78304,48259014,19623,78321,48257731,19623,,,
7e7f3910dbf56cd2,39928,9881965,42671,39944,9880599,42671,,,
7e8f5e1481601e17,77288,47244456,54897,77304,47240167,54897,,,
7e93fd2bf55d0b48,73627,43583049,57309,73645,43581578,57309,,,
7e9a988d0198e307,76267,46223076,45792,76285,46221627,45792,,,
7ed46135a924a7a3,79325,49280537,61668,79342,49278330,61668,,,
7f510a93d0b67163,69730,39685862,27298,69748,39684357,27298,,,
7f5a482f8d83d774,82866,52820929,54773,82883,52819084,54773,,,
7f5b9edebd1754a1,34828,4782552,42264,34844,4780352,42264,,,
7f75fbf98ce07f11,34948,4901718,28326,34964,4899844,28326,,,
7fcf5998443f7d12,40882,10777366,13833,40840,10776337,13833,40112,10803526,13879
815be36663e92162,73931,43887477,61699,73948,43883968,61699,,,
81c8f2bf455e728d,74172,44124546,60775,74185,44121561,60775,,,
820a729c37f1a352,64752,34705502,30391,64767,34703790,30391,,,
82908368befb5df5,67655,37585623,28221,67648,37584108,28221,66922,37616318,28221
82b5ca2ec7ccc199,55156,25112975,40946,55174,25110843,40946,,,
82e56607ffd07435,52637,22592258,59730,52654,22590631,59730,,,
8335e6dbe2b6960d,34650,4605999,58022,34666,4602136,58022,,,
835eae05fecfb037,73147,43101967,26604,73165,43100911,26604,,,
83a56a94b258e4b0,75786,45742964,46872,75805,45741645,46872,,,
83d22d9529737036,66431,36386363,37611,66448,36384155,37611,,,
83f4b322e447d951,89107,59057406,39628,89119,59055172,39628,,,
83f621accc61c2b0,36208,6162366,57420,36224,6160485,57420,,,
8405c852047966bd,77349,47305645,56985,77363,47299289,56985,,,
8410f6f37326616a,45386,15341451,58883,45402,15337925,58883,,,
841b0258fe02e41d,63135,33089194,43533,63151,33087678,43533,,,
8423ab753aace1e4,63915,33870354,44545,63931,33867793,44545,,,
8446aa3df73803d6,69491,39445656,25064,69508,39444183,25064,,,
846a23c69fb8e580,34406,4361802,57487,34424,4360056,57487,,,
8490fe4925cf8d0f,61215,31170946,40526,61232,31168347,40526,,,
84931f1e9e4df1c6,58155,28108442,37728,58171,28107129,37728,,,
84a83aa0bd9e1c50,66071,36027167,55682,66088,36024432,55682,,,
84fabd4d8f1e607f,44963,14919285,59515,44981,14917539,59515,,,
851bc8c8cbb51df7,41483,11438983,58536,41501,11437171,58536,,,
8521b3ee8d354363,54616,24572159,44388,54634,24570839,44388,,,
8556147261ca714e,51083,21035818,29699,51097,21033782,29699,,,
859fd9d200aebd75,88682,58636723,41237,88699,58635238,41237,,,
85b96f0e1d2d771e,30934,885209,44439,30947,883459,44439,,,
85d44d54dd4a4e62,30463,405215,39740,30467,403395,39740,,,
861f0196b1948e25,41424,11379318,58012,41441,11377275,58012,,,
8692103c3755e5ae,34166,4121878,57136,34184,4120088,57136,,,
86bd763143f907a5,54856,24812052,40581,54874,24810758,40581,,,
86bfe8552e322b38,81364,51320337,55461,81382,51318486,55461,,,
870edb76af300877,44903,14859267,59157,44921,14857553,59157,,,
872c4e4453ed22af,35969,5921875,56528,35984,5920176,56528,,,
873f5c3f8b8c46ee,42984,12939048,30056,43001,12937340,30056,42272,12966681,30056
87c1bba84d721aad,88027,57976605,42444,88039,57975218,42444,,,
87ce629082abd936,50844,20800086,57894,50859,20795013,57894,,,
87edd3b5a382becb,40449,10328350,26359,40373,10309685,26359,,,
8847d5cb15d00631,44487,14439174,51857,44501,14437514,51857,,,
888611dc765ebee1,67363,37285782,29768,67348,37284115,29768,66622,37317032,29768
896c13b642ce8b25,78186,48138973,22331,78201,48137532,22331,,,
896f50b1e25e7183,38246,8201680,37763,38264,8200342,37763,,,
89a78232b64225e1,49881,19836778,49796,49898,19834199,49796,,,
8a48cc045183812e,65412,35367025,68237,65428,35364662,68237,,,
8a52ea645b886efa,56538,26494115,38308,56555,26491080,38308,,,
8ad13fc42fe66b9c,67129,37050438,60588,67112,37048619,60588,,,
8adb5ce8a623a228,53119,23072473,30524,53134,23070453,30524,,,
8addab79bbd15baa,76869,46822177,51332,76882,46818732,51332,,,
8b03bbba22b64f20,50601,20557456,57839,50618,20554500,57839,,,
8b15a7b17123e95d,86704,56657825,70415,86719,56655506,70415,,,
8c1e24acb17d767f,62837,32789064,41877,62851,32787612,41877,,,
8c52045b03549b7b,87971,57916656,42979,87979,57915178,42979,,,
8c869c8171430ed7,75547,45502777,45813,75565,45501456,45813,,,
8cb70298f3f8360c,53956,23911920,46418,53974,23910469,46418,,,
8cea8acb15443e5a,61513,31468883,39450,61531,31467436,39450,,,
8d46b03fd11a2c01,51982,21938546,52253,51999,21935391,52253,,,
8dde4c3b1f17f073,64389,34344731,30462,64407,34343604,30462,,,
8e863988abb57d89,84000,53954946,6096,84018,53954075,6096,,,
8e9664c7c904c61f,81424,51380102,55397,81442,51378460,55397,,,
8eaa6c6741d1ba8f,40985,10898335,28895,40960,10896691,28895,40232,10926782,28941
8ebf655b900e96a3,50181,20136873,53733,50198,20134205,53733,,,
8ed96005562cdd21,31649,1605624,46779,31668,1603897,46779,,,
8ee368b7810c9dee,66861,36807880,59245,66868,36804656,59245,,,
8f56e24965de180f,62717,32669736,40519,62731,32667621,40519,,,
901bab318b2ab529,56901,26852197,38405,56915,26850893,38405,,,
9024b4c3102517a4,66371,36325510,27847,66388,36323944,27847,,,
905ee71bc4b1bc59,46399,16354002,19450,46417,16353058,19450,,,
909d42cdf66ca6eb,71346,41301959,24709,71365,41300894,24709,,,
90af209f58a24d8f,43765,13719418,60254,43781,13717652,60254,,,
90baa49c072c52c2,84843,54797450,58900,84859,54794983,58900,,,
90d683fba0f5712a,73867,43823564,61477,73886,43821910,61477,,,
90fe2fc03507d92d,76147,46103031,46484,76165,46101725,46484,,,
92bd8d65eff7f671,31709,1665198,46457,31727,1663584,46457,,,
92e376d8cddf216a,41089,11018250,26989,41080,11016738,26989,40352,11047123,27012
92f4536bc4a89eeb,41607,11564473,59320,41621,11557633,59320,40892,11587183,59320
9322b7742b49f02c,58215,28168454,38255,58231,28167111,38255,,,
94870888d6a145fb,42865,12820265,31807,42882,12818455,31807,,,
94a837752f3aa57a,65052,35008128,66405,65068,35004479,66405,,,
94f9edf86776d6e5,48865,18815485,55792,48878,18813913,55792,,,
952a1715503098c6,40933,10839467,49447,40901,10836918,49447,,,
95a5130efbb2e70b,40396,10276794,26588,40323,10258960,26588,,,
95a537488bfddfbb,86461,56417259,42908,86478,56414825,42908,,,
95e746574046e219,80584,50539006,17500,80602,50538017,17500,,,
95fdaf4b6e49b086,80644,50599173,23410,80662,50598140,23410,,,
961e93a21974e295,71286,41242167,24867,71305,41240900,24867,,,
96220b063666dbb8,70147,40102519,53967,70165,40101109,53967,,,
96b4053ccd327fe1,60736,30688744,40230,60751,30687289,40230,,,
96ed5009c4f17772,59534,29488466,36138,59551,29487210,36138,,,
96feb1fa269e6c6f,85623,55576011,28940,85638,55574460,28940,,,
9720424d23be05e4,44843,14800817,56441,44861,14797712,56441,,,
9759d5dd4fe7e20d,81668,51624020,55932,81684,51620050,55932,,,
979d88a6a566d6ee,43585,13539369,64169,43601,13537554,64169,,,
97b2a099de11ee71,41669,11622447,59130,41683,11619272,59130,,,
9816d239720cde37,37062,7001065,25087,37063,6999838,25087,,,
9884b7c2b841c710,34106,4062004,57053,34124,4060020,57053,,,
98f9228338d160e1,57021,26975854,38650,57036,26972275,38650,,,
9977193ba64e2231,82146,52098878,17229,82162,52097940,17229,,,
99a42a96e579b018,66740,36697064,58893,66756,36692509,58893,,,
99c3ec0872866bcf,58875,28829905,61785,58891,28827687,61785,,,
9a0b44daf9e58e0a,58936,28891244,38794,58953,28889217,38794,,,
9a1c9dddf8d8260b,59174,29128461,36898,59191,29127238,36898,,,
9a56cfb738d2357c,32493,2444547,31213,32507,2443362,31213,,,
9a583f319e79027d,52697,22652177,59398,52714,22650606,59398,,,
9ac5a588bd4ffcf7,42033,11979171,33604,42041,11977211,33604,41312,12003472,33696
9ac808ff1f3856c1,40511,10380853,26482,40427,10363324,26482,39698,10390153,27931
9adcc1383814d68b,80346,50298704,19184,80361,50297638,19184,,,
9b677fcaa1a39eec,85202,55156825,42493,85219,55155042,42493,,,
9be8c68ab0147c8c,70686,40642614,54363,70705,40641082,54363,,,
9be9be8ae758c404,46880,16835526,55908,46897,16833676,55908,,,
9bfca2f25b517eb3,86042,55996257,30236,86058,55994489,30236,,,
9bfcccae0be6961b,59293,29248599,36687,59311,29247234,36687,,,
9c5b844a609f1f39,82985,52941382,55852,83002,52938595,55852,,,
9ce70707864d1e04,69911,39867416,50136,69928,39864707,50136,,,
9ce8a0e952ac330d,37889,7841717,36679,37904,7840388,36679,,,
9d0b12ed6c03ae37,63795,33750404,44235,63812,33747928,44235,,,
9d0cc396001d5c16,60014,29970170,36413,60032,29968703,36413,,,
9d130282eb6cee0b,73087,43041777,26986,73104,43040791,26986,,,
9d353e9c60bb3e27,87510,57376213,30730,87438,57374768,30730,,,
9d3d24ed7ca064d0,30817,765012,44085,30827,763487,44085,,,
9d4f3a70ba31afe0,52219,22173409,56522,52234,22170550,56522,,,
9d5cb5d1ecddab60,77769,47719424,58770,77782,47717943,58770,,,
9d67949ef616900f,60555,30511500,54014,60572,30508518,54014,,,
9d78bc8bdc5dae9e,48566,18518152,54326,48578,18514145,54326,,,
9da72097bfbbebe3,88322,58277492,40338,88339,58275130,40338,,,
9dc96bf1e3f55273,55653,25592729,41291,55654,25590688,41291,,,
9e06fa02801d3b6d,56841,26792246,38957,56855,26790948,38957,,,
9e08e8b60d12d3ef,54796,24752435,41152,54814,24750772,41152,,,
9e250c06c43cdb58,55337,25292972,45881,55355,25291412,45881,,,
9f3791aceb26670f,63975,33930354,44955,63991,33927783,44955,,,
9f90cee0d9999a2f,53179,23131688,30459,53194,23130279,30459,,,
9fb16467d7a0258e,31589,1545057,47077,31607,1543498,47077,,,
9ffbafed244b311a,42391,12337976,22471,42400,12336552,22471,41672,12365620,22471
a00361188f05479a,53239,23191497,30424,53254,23190189,30424,,,
a0187099fdefcb69,55096,25052087,40453,55114,25050818,40453,,,
a03e466ed7f9305b,83526,53479326,28859,83542,53478190,28859,,,
a091a519647802df,45803,15754276,28083,45817,15753150,28083,,,
a0a9481be1a4d035,69313,39266757,25236,69329,39265146,25236,,,
a0e6c6a1e5b7b4d2,51381,21334923,26546,51397,21333781,26546,,,
a0f9cac4d1ab1a12,67827,37764823,9435,67827,37763808,9435,,,
a1084bcb89a80984,52099,22052928,55958,52114,22050524,55958,,,
a11e5fc0ceb0daed,42806,12759804,31602,42821,12757838,31602,42092,12789055,31602
a1462a68acf48261,51560,21515038,20344,51578,21514056,20344,,,
a161f73868b6fd51,79146,49101297,60749,79162,49098161,60749,,,
a174da4900497793,57378,27332424,38190,57395,27330922,38190,,,
a1961b733f7e23c1,60075,30030089,36477,60092,30028679,36477,,,
a1c1ee3aaa31dc4f,87018,56927376,71628,86927,56863637,71628,,,
a21da8d8d2ad4693,70627,40582758,54431,70645,40581192,54431,,,
a2ac7ce2cb9b6d85,70387,40343908,53993,70406,40342149,53993,,,
a2acf2231617e2cb,48201,18154426,17922,48217,18153324,17922,,,
a2b0c78c71bb11b6,80825,50780317,53117,80842,50778451,53117,,,
a2cedaa790fdbf08,80226,50178994,27067,80241,50177704,27067,,,
a3479f7620794d00,62956,32909048,42398,62971,32907680,42398,,,
a365ce39b345a302,37830,7781572,36981,37844,7780249,36981,,,
a4304d77516886c3,45743,15694315,28749,45757,15693187,28749,,,
a47fda9faf1a58bb,73326,43281998,28771,73345,43280973,28771,,,
a490667741ab3738,55217,25172305,41638,55234,25170771,41638,,,
a4f3877a7617608a,46340,16294154,20842,46357,16293118,20842,,,
a5eadbdbd02be2f3,66801,36747269,58803,66808,36744551,58803,,,
a67408318ac700a3,44368,14318242,19763,44381,14316899,19763,,,
a686a6961e37e54f,62113,32068929,39572,62131,32067521,39572,,,
a715d63bf28506a6,39210,9164148,57375,39225,9161193,57375,,,
a75fe47e106d4be8,46280,16234960,41184,46297,16233505,41184,,,
a7946afa5dfff99c,34888,4841920,29794,34903,4839785,29794,,,
a7d9cae00b735c58,30992,944886,44485,31007,943444,44485,,,
a82882f622c4f132,33687,3641597,50838,33703,3639818,50838,,,
a82b4e6a471f7e4c,42747,12698167,33770,42761,12696953,33770,42032,12725916,33816
a86772669a104fbb,37596,7541609,36281,37604,7540251,36281,,,
a8c62b944a2d027b,80465,50420459,39081,80482,50418250,39081,,,
a8feeaba39333bdb,89406,59357334,39409,89419,59355159,39409,,,
a9344aa55c82f1ea,59353,29308687,36694,59371,29307228,36694,,,
a93af8e8760c4b20,65891,35845854,31407,65908,35844125,31407,,,
a9a5d7ce7664f445,88382,58337323,40173,88399,58335098,40173,,,
aad494219a6523cb,40672,10538012,26641,40600,10536450,26641,39872,10562471,26664
ab1ec2e95453b584,64633,34589471,29787,64650,34586584,29787,,,
ab25f85fce6bdc45,74471,44422848,29173,74485,44421235,29173,,,
ab3b44ce3d66e25d,41849,11801946,62387,41862,11798786,62387,,,
ab859ba539c6d0d2,81005,50960065,55672,81022,50958441,55672,,,
ac3829c44e4d5cf6,61275,31231039,40319,61292,31228551,40319,,,
ac52e64eda258cac,70031,39986723,52960,70048,39984733,52960,,,
ac9681099569a265,77470,47421780,58277,77483,47419029,58277,,,
aca5f963f9745c47,53658,23611420,29633,53674,23610306,29633,,,
accd38f32a5633d2,72188,42143333,60028,72205,42141451,60028,,,
ad8f0c667bd4cdf4,87761,57677659,45977,87740,57676184,45977,,,
adbafe620cf0a0b7,89882,59836774,39937,89899,59835298,39937,,,
adcdbacb07a6e514,77107,47058897,28154,77121,47057316,28154,,,
ae170ac563aa41de,87710,57620735,72023,87679,57615715,72023,,,
aec5cdfe7010561d,34346,4301906,57035,34364,4300100,57035,,,
aeec6f839166b6c8,83821,53775835,26565,83838,53774362,26565,,,
af1285567a3cbe7c,83881,53835043,20359,83898,53834104,20359,,,
af2167fa78f2088c,71526,41482195,27889,71545,41480978,27889,,,
afdc46af1a4b6c7a,30581,524644,40419,30587,523368,40419,,,
b03d577db838d4e4,38966,8922450,71424,38985,8920862,71424,,,
b09cb6c0e704c6d8,87561,57436486,30137,87499,57435019,30137,,,
b0aa664db90acc54,69670,39626443,47596,69688,39624633,47596,,,
b119e7b4822535bc,49460,19415206,28535,49477,19413656,28535,,,
b15f9f9e0e4bf924,72490,42442964,60643,72505,42441383,60643,,,
b1940c146fc08bef,37655,7601676,36530,37664,7600392,36530,,,
b21557552b215e7a,70087,40042445,54024,70105,40040998,54024,,,
b22bdc49610ed37a,65232,35188154,68408,65248,35184659,68408,,,
b3023b6200fd2318,35667,5621659,24959,35684,5620395,24959,,,
b326729dccd07a5e,55772,25713210,40429,55775,25711021,40429,,,
b37c3e27a5bd6ec2,81484,51440093,55103,81502,51438426,55103,,,
b391eca10e07e758,65532,35485443,34883,65548,35483991,34883,,,
b3a57d6d077a9b44,77888,47840281,59026,77902,47838342,59026,,,
b49eb3519b1fa9bf,35007,4961773,27463,35024,4959867,27463,,,
b540a9ca9c153678,42152,12098118,23317,42160,12096707,23317,41432,12124595,23317
b55c45b91b50030d,43104,13058992,29383,43121,13057089,29383,,,
b581e37360ae675c,71888,41843832,56616,71905,41841363,56616,,,
b5b6409442f335ea,81727,51681335,57247,81742,51678473,57247,,,
b6001c8a18bcab01,85503,55456418,27783,85518,55454455,27783,,,
b616aef5fd91803a,39629,9584185,57853,39644,9580840,57853,,,
b63c583200c1836e,76207,46163078,46304,76225,46161725,46304,,,
b6613d9f6fcf5d52,58995,28948433,36725,59011,28947267,36725,,,
b68310dbe83cd33b,48984,18935758,55773,48998,18933999,55773,,,
b6c99b053f870f3b,56478,26432251,38847,56495,26430932,38847,,,
b6cf869423418937,52458,22412198,58530,52474,22410690,58530,,,
b70d33ab6a7d3b6f,87812,57738947,43235,87801,57737419,43235,,,
b71d74af291e119b,90005,59961508,39659,90022,59958317,39659,,,
b73a8284ddfe4784,84122,54075681,20187,84138,54074379,20187,,,
b7a21e7f350db559,41543,11499026,58585,41561,11497362,58585,40832,11528603,58654
b7bd45c9998abade,89942,59897713,39293,89959,59895324,39293,,,
b7eb9af1f99f8783,70806,40762903,54509,70825,40761291,54509,,,
b81e1a20270829e5,86161,56116054,30030,86178,56114571,30030,,,
b854283244cb254d,61573,31529040,38759,61591,31527670,38759,,,
b89f55648d4b315e,63555,33511465,44267,63572,33508310,44267,,,
b9aabfb2c7a6e569,82385,52339419,24956,82402,52338085,24956,,,
ba2044c2e0308d7e,33806,3760986,27341,33823,3759485,27341,,,
ba32054ce04c57f2,59894,29849144,36631,59911,29847200,36631,,,
ba6045960aa9e034,67244,37170923,45062,67229,37165790,45062,,,
ba852e46c816cb19,87182,57016781,32826,87079,57014883,32826,,,
bacb0faea45c5002,32009,1964622,32225,32027,1963422,32225,,,
bb2895821935abe3,36029,5981867,57028,36044,5980243,57028,,,
bb63e8da1b8b70cc,42092,12038259,24823,42100,12036719,24823,41372,12064086,24823
bbbe6ee806968a23,60676,30629379,62600,60691,30627633,62600,,,
bbc1142413a9fb20,78787,48739161,28463,78801,48737629,28463,,,
bbc5e9fb93d405be,65592,35544955,32849,65608,35543870,32849,,,
bc147baa95698168,46042,15994254,27845,46057,15993187,27845,,,
bc3d17932c36cf2d,83286,53240407,54416,83302,53238633,54416,,,
bc76f055451238e6,66010,35965234,23942,66027,35963763,23942,,,
bccb1f90319f7883,84783,54738378,58396,84799,54735429,58396,,,
bd70cef3e87ef369,77829,47781572,58988,77842,47777896,58988,,,
bda9f902b0cffd10,88442,58397841,40873,88459,58395123,40873,,,
bdb022c948be07f7,77530,47480870,58007,77542,47477993,58007,,,
be064f2f15bcbf4c,85863,55818004,54145,85879,55814929,54145,,,
be7e7e12fa83df26,60857,30811121,38637,60873,30808893,38637,,,
bf40bbea300e0356,59594,29548387,35912,59611,29547179,35912,,,
bf660bc9df70ae8a,79928,49879362,27781,79941,49877731,27781,,,
bf6bbf47575e10c4,79564,49520006,55999,79582,49518290,55999,,,
bfc13cd32618d9f0,53538,23491540,24164,53554,23490165,24164,,,
bfddfffc16085665,33627,3580998,20852,33643,3579564,20852,,,
c00b726506fe901e,33985,3941639,53111,34004,3939962,53111,,,
c0bb647ab986e9ad,63076,33029181,43673,63091,33027645,43673,,,
c105535083cdfd9b,49941,19895298,28975,49957,19893668,28975,,,
c105ab86ae35589e,73207,43161553,20177,73224,43160637,20177,,,
c124adb31dfd8828,87406,57256335,30717,87319,57254858,30717,,,
c13d2b2a66842da0,54676,24632074,42971,54694,24630610,42971,,,
c17bf6583255f8d0,65652,35605583,31862,65668,35603988,31862,,,
c249d5416716e69c,60796,30749056,38744,60811,30747630,38744,,,
c2596bfc0d7802ca,61633,31589611,38988,61651,31587778,38988,,,
c27279777a9998df,64992,34946434,62808,65008,34944416,62808,,,
c2888066b538701b,74768,44722098,30256,74785,44721099,30256,,,
c30d39ffbcf18732,66983,36949421,60548,66994,36929998,60548,,,
c33dee6befc55460,63195,33149119,43390,63211,33147684,43390,,,
c35208d1932625a8,86644,56601171,69484,86661,56597139,69484,,,
c3ca0c209aa24e41,32069,2024475,31722,32087,2023352,31722,,,
c450dd2a45518942,80524,50479068,18907,80541,50477749,18907,,,
c48bfe18bfd7f90d,90070,60025922,39761,90087,60023103,39761,,,
c48f780c23323c71,38726,8682105,38049,38744,8680535,38049,,,
c5298c188fc5af20,56960,26912282,38184,56975,26911031,38184,,,
c5dae2f16b007011,60193,30148568,36684,60211,30147243,36684,,,
c60b0f8f4e9b26eb,39749,9702583,57831,39764,9700859,57831,,,
c6205b8fd8662bd9,83586,53539592,27280,83602,53538122,27280,,,
c627c31961846dd5,60434,30390130,52851,60451,30387592,52851,,,
c65f719279a40372,78548,48503575,19160,78566,48502069,19160,,,
c6b1152c51bd8e92,51441,21394809,26250,51457,21393785,26250,,,
c6ba5f33e5aa3a9d,86584,56537678,68015,86599,56535607,68015,,,
c71f628083da33a2,64035,33990216,44793,64051,33987788,44793,,,
c7e3662574f92003,48626,18576973,54658,48638,18574396,54658,,,
c7e8f2bc47ec55ef,39026,8983182,71849,39045,8981233,71849,,,
c7f112596ce28be1,47604,17555186,28581,47617,17553453,28581,,,
c821e386f790b6de,75367,45323064,43734,75385,45321528,43734,,,
c82e0e594662071e,68653,38609377,60000,68669,38605337,60000,,,
c842523248456762,42629,12577920,22769,42640,12576600,22769,41912,12604889,22769
c85d93619dd9f3f0,72248,42203044,60353,72265,42201410,60353,,,
c8a8fa8de2ca30f4,41142,11078284,36579,41140,11076853,36579,40412,11105669,36579
c9351be942bf7b65,45447,15402938,58568,45464,15400046,58568,,,
c9d99cb22d49fba4,64270,34226302,55416,64288,34224394,55416,,,
ca6e348f98186a34,60494,30450411,53775,60511,30447651,53775,,,
cab41bda60afe9db,54497,24452397,46412,54514,24450634,46412,,,
cbb5ddc6950294b3,43043,12999509,29747,43062,12998376,29747,,,
cbda700251c138fd,33746,3701076,29228,33763,3699536,29228,,,
cc349c18ce737a9f,84302,54257080,35122,84319,54255052,35122,,,
cc91863d5209211f,87661,57556293,29634,87619,57554866,29634,,,
ccfa3586ca36460c,70447,40402982,54379,70465,40401362,54379,,,
cd1d4735f2b6cc43,74649,44602399,29987,74665,44601370,29987,,,
cd45d9102c34a9bc,31829,1784408,18600,31847,1783095,18600,,,
cd6add053d734085,42212,12158489,22910,42221,12157148,22910,41492,12185014,22910
cd72556ece728f7d,78669,48623011,50908,78684,48620521,50908,,,
cd896bd04fb5cd15,67597,37525735,28101,67588,37524015,28101,66862,37554634,28101
cd95e6636594e533,46459,16414338,25630,46477,16413245,25630,,,
cde63b7443848279,30105,46287,66355,30108,43902,66355,,,
ce3fb4f33a273c6a,63374,33329087,43738,63391,33327664,43738,,,
ce9de3ff3585793d,47424,17377403,55386,47438,17374065,55386,,,
cebbd626cbbae39d,75187,45142069,23031,75205,45140998,23031,,,
cec950de7e281989,33212,3165657,50770,33227,3163768,50770,,,
ceda83054ff0d99d,88142,58096663,41592,88159,58095145,41592,,,
cee8f260d62d4389,75006,44961952,4463,75025,44961235,4463,,,
cf139da25d254414,48141,18094753,19057,48157,18093324,19057,,,
cf3895f853d96bf1,43224,13178651,29724,43241,13176993,29724,42512,13206587,29724
d01cef8ce0f2a615,49520,19474775,20257,49537,19473502,20257,,,
d072d90406ce18f1,59774,29729207,36092,59791,29727223,36092,,,
d0d6867cd783b0ea,84362,54317416,52186,84379,54314889,52186,,,
d10376d85791cfb1,45023,14979548,59569,45041,14977791,59569,,,
d12c8c54d99f88b5,67068,37026330,60728,67071,37007111,60728,,,
d13c4196e2684b18,79748,49702452,57109,79762,49698542,57109,,,
d21f0fc42fa1a9e4,72430,42382921,60547,72445,42381391,60547,,,
d2f367e8934dbe9c,59054,29010526,36508,59072,29008339,36508,,,
d3090322284fcec6,83226,53180799,54411,83242,53178588,54411,,,
d30a3ff3fa5bc09d,57199,27153003,39411,57215,27151066,39411,,,
d31a4cdd016fcebc,47300,17256435,55922,47318,17254263,55922,,,
d34ead164b685d09,47364,17320483,55305,47380,17316835,55305,,,
d34f1fa2b9897b0d,82684,52640930,54211,82702,52638539,54211,,,
d375d75e4c69436f,38546,8501943,37924,38564,8500459,37924,,,
d392a1d29c8431fa,73747,43703205,59686,73765,43701650,59686,,,
d3bd8621806f7d2f,60133,30088646,36393,60151,30087253,36393,,,
d3ddb7a3f8151a3f,35788,5744645,52538,35804,5740807,52538,,,
d426230f11e03155,39987,9941577,30131,40004,9940422,30131,,,
d4409a15ecb7958b,89704,59657365,39805,89719,59655213,39805,,,
d456eb956af4b10a,48506,18457304,53501,48518,18454425,53501,,,
d46d592c737f48a0,40044,9999848,28214,40061,9997679,28214,,,
d47fe178d934e4a1,74590,44542263,29026,74605,44541187,29026,,,
d4d1874c44ccdc4a,38426,8381632,38023,38444,8380349,38023,,,
d500c0972325280e,49400,19356125,40301,49417,19353823,40301,,,
d54b052b625c6f16,41251,11198803,56062,41261,11197053,56062,40532,11227652,56085
d551db3a9bea5da5,84482,54437674,56264,84498,54434845,56264,,,
d552e37e216951e3,56600,26556548,38837,56618,26554499,38837,,,
d56bf89174b00d5e,52279,22232052,56789,52294,22230495,56789,,,
d56f20dcf775ad2a,81305,51260321,56267,81322,51258446,56267,,,
d594879585a4aff3,54257,24213065,47529,54275,24211462,47529,,,
d59d9daad7f6a27d,57617,27572448,37778,57635,27571184,37778,,,
d5b1d1ba114b5065,38786,8741757,38297,38804,8740354,38297,,,
d5b85c6349d04240,86221,56175835,29983,86238,56174497,29983,,,
d781ea323e67b9a3,75487,45442915,45367,75505,45441367,45367,,,
d7d5ddcbb1daa696,70268,40222997,54396,70285,40221460,54396,,,
d81c99c303a2e8db,57080,27034460,64952,57095,27031480,64952,,,
d845225fb068fc1f,64330,34284881,32710,64347,34283647,32710,,,
d84b9b2bca8e1f98,42569,12517985,22503,42580,12516630,22503,41852,12547138,22503
d9196ec7c751a331,58515,28469190,37729,58531,28467156,37729,,,
d92ac52b073a1d2a,31949,1905148,33719,31967,1903341,33719,,,
d9845ea1594a5ea1,39087,9043673,84774,39105,9041827,84774,,,
d99557d8bb058350,37182,7121090,25282,37183,7119806,25282,,,
d998b25f3854efee,46820,16775205,56211,46837,16773648,56211,,,
d9a469ea3243be08,76447,46402963,45605,76465,46401614,45605,,,
d9b9d36bffb2df1d,79504,49459990,56363,79522,49458302,56363,,,
d9de370c732b0472,43888,13844623,60504,43905,13841078,60504,,,
da02a1de4e50d79b,45328,15283506,59121,45343,15279109,59121,,,
da0c8c72d44b1325,74709,44662185,30380,74725,44661167,30380,,,
da494e68d29ddd3c,36448,6402002,57059,36464,6400523,57059,,,
da5287e29ab58d5b,38306,8261830,38191,38324,8260365,38191,,,
da8222f3a183a08a,79627,49583856,55698,79646,49582136,55698,,,
da914269e3ba33b8,80167,50119571,26564,80182,50118351,26564,,,
daaf5b5ddceca8b0,65171,35127935,68723,65188,35124508,68723,,,
dac3a5366f7e3920,84541,54497624,57101,84559,54494875,57101,,,
dacd1908bf33ba79,78245,48198764,20267,78261,48197422,20267,,,
db0cef2728f0acb7,68953,38907174,56836,68968,38904819,56836,,,
db1522364ae10126,52578,22532216,58930,52594,22530629,58930,,,
db7c6ed383a4114c,78848,48800385,27790,78862,48798679,27790,,,
dbc22dd1c490ff3e,74887,44842164,23509,74905,44840995,23509,,,
dc31acd537305a55,47000,16955455,55869,47017,16953761,55869,,,
dc72304bba2269af,83346,53300406,53854,83362,53298641,53854,,,
dca18daa5f71e703,53419,23371060,10839,53434,23370006,10839,,,
dcebb561aa7cbdc2,33866,3821034,26763,33883,3819452,26763,,,
dcfee0be0cc2c6f8,80945,50900063,55377,80962,50898360,55377,,,
dd1ee9e1969ef2fe,31409,1365147,46156,31427,1363547,46156,,,
dd295dcb76a16c40,63615,33570104,43948,63631,33567716,43948,,,
dd6f5c61e5ed5ff3,31349,1305060,45608,31367,1303544,45608,,,
dd79c6d4f5eca84f,84963,54917134,58131,84978,54914839,58131,,,
dd9d4220cf99a6db,71106,41061766,25100,71124,41060785,25100,,,
ddad9e9e2cb751b2,61694,31648918,38582,61711,31647412,38582,,,
ddfa61098db601c3,51620,21574368,8428,51637,21573584,8428,,,
de133b99afc69bf4,36686,6641790,40482,36704,6640205,40482,,,
de1c410712105bfa,82504,52459912,50154,82522,52458356,50154,,,
de4319a23bd985e9,38126,8081765,38039,38144,8080365,38039,,,
de4ca34466551c7a,31889,1845295,57561,31907,1843650,57561,,,
de965464709ccc3b,49701,19656383,18517,49718,19654549,18517,,,
dead8a7507077929,48022,17974168,8177,48037,17973227,8177,,,
deae87bb3a505a7a,63856,33811974,45267,63873,33809453,45267,,,
deaf763687bf0885,69252,39208074,25402,69268,39204525,25402,,,
debf748021b95081,31769,1724603,34966,31787,1723400,34966,,,
def1fc2628a5d76e,48260,18214810,23530,48277,18213430,23530,,,
df38aef5188103f5,49282,19236472,55674,49298,19234391,55674,,,
df474fce76ded632,74231,44184771,61806,74245,44181692,61806,,,
e00f44b25f1a4e2e,31111,1067691,45177,31127,1063684,45177,,,
e062125d82e1175b,68056,38005719,26036,68068,38004194,26036,67339,38033733,26036
e09cc7f12de0fa25,46640,16595128,54041,46657,16593561,54041,,,
e0e51f6f3d34ae06,72729,42682563,27437,72745,42681527,27437,,,
e15b63cb8cf7189b,73386,43341913,27308,73405,43340867,27308,,,
e1dd5bcbdb588ea6,61155,31110503,40563,61171,31107611,40563,,,
e271c016a62a441f,44069,14020480,31675,44082,14018630,31675,,,
e303b5b2a4238388,70567,40522848,53558,70585,40521213,53558,,,
e308031c8ac0e118,32792,2746358,67111,32808,2744007,67111,,,
e320c9eb660fc730,78007,47959471,59676,78022,47957933,59676,,,
e40ed8458682a256,71046,41001690,25380,71064,41000698,25380,,,
e4157647552d4dfb,34588,4547188,57515,34604,4540724,57515,,,
e4440ca61f36a03b,50421,20375901,57332,50438,20374139,57332,,,
e44c96b61f641cf5,85083,55036938,58795,85099,55034953,58795,,,
e45adab638a0ed7a,40726,10599696,26082,40661,10597544,26082,39932,10624813,26082
e47b50d693ee827e,70207,40162547,54013,70225,40161120,54013,,,
e4aa80d2c774e6e4,60313,30269315,36369,60331,30267273,36369,,,
e4b7fc7c019794ed,74828,44782121,30571,74845,44781089,30571,,,
e4c879f2fc6ea9ba,61454,31410066,39201,61472,31408739,39201,,,
e4d0a3c05ff1d726,45563,15516741,58883,45577,15513655,58883,,,
e53ec4328b0f1235,89047,58998376,40402,89059,58995296,40402,,,
e616384eb414f99d,32433,2384462,30888,32447,2383322,30888,,,
e64473951f2fcdc0,78126,48079299,30885,78141,48077635,30885,,,
e68c0533239f5fc0,38666,8621789,37765,38684,8620470,37765,,,
e6910f00767135c2,79987,49939374,27395,80001,49937749,27395,,,
e748588be06114bb,35606,5560929,18951,35623,5559564,18951,,,
e7a85a25abe818e6,36507,6462099,56475,36524,6460539,56475,,,
e81ea70ecb683d0c,76928,46879194,30144,76941,46877406,30144,,,
e8605eeebbc52415,85023,54976879,59097,85039,54974913,59097,,,
e8a1636d4cbbe112,56721,26672375,39949,56735,26670962,39949,,,
e8b49a8159bddec9,55407,25369124,43725,55419,25355054,43725,,,
e8d3c40762eb03f6,61814,31768969,39269,61831,31767598,39269,,,
e8fe36bc88dc18a0,81848,51801143,29027,81863,51799468,29027,,,
e9242af150f2cdf7,83045,53001067,55724,83063,52999114,55724,,,
e9406a855bd34127,65472,35426210,49831,65488,35424311,49831,,,
e9d47049230f196e,50001,19955206,27197,50017,19953639,27197,,,
e9f1ad72e5688b86,44546,14498575,30210,44561,14497148,30210,,,
ea2749970402c960,41196,11138666,53196,41201,11137075,53196,,,
ea6375b980667fdb,32852,2806780,68562,32868,2803948,68562,,,
ea64f191883a32fb,85143,55096808,58593,85159,55094917,58593,,,
ea70894cc691bafb,77948,47900708,58990,77962,47898028,58990,,,
ead3d455a51e49ed,88927,58882865,41515,88941,58877097,41515,,,
eb092eb7175d2722,48686,18637397,54667,48698,18633911,54667,,,
ebb6d4c19663f9d3,41036,10958228,27202,41020,10956688,27202,,,
ebb897451214fb6b,72550,42502482,43038,72565,42501227,43038,,,
ebf9f5e21971dac2,66311,36265548,28181,66328,36263935,28181,,,
ec4825b769fa33b3,72610,42561997,30290,72625,42560937,30290,,,
ec4d1b98d0f4512f,87917,57857494,43019,87919,57855160,43019,,,
ecc07b2e8581b1f5,64569,34525432,29818,64587,34523639,29818,,,
ecf48ccb4db017ea,68714,38666966,59566,68728,38664847,59566,,,
ed07c00e77516139,33567,3523310,21590,33586,3522213,21590,,,
eda86da335e4f4a0,35307,5261348,26812,35323,5259646,26812,,,
ee0edc1f0e02d9de,84663,54618948,57426,84679,54614870,57426,,,
ee8eba98569ad7e0,44427,14378273,19734,44441,14376949,19734,,,
eea812b69b4e567f,60254,30210565,36822,60272,30208458,36822,,,
eec68be4499ca2af,64150,34104991,32187,64167,34103629,32187,,,
eeed826cd484382f,38846,8801793,38120,38864,8800370,38120,,,
ef27276ba6ce27ab,55474,25447133,42521,55485,25421745,42521,,,
ef96f601ee584646,31289,1244957,45362,31307,1243428,45362,,,
efbbc8f886237d1a,58575,28529386,37290,58591,28527143,37290,,,
effecc3e65eac615,54976,24932114,40137,54994,24930823,40137,,,
f05f050f0ce1a759,63016,32969011,43144,63031,32967613,43144,,,
f0ec5d25d0e958a9,74411,44362822,30030,74425,44361190,30030,,,
f1864cd4cbdbbc74,57856,27810363,38121,57872,27807880,38121,,,
f1e28db2a1a9169c,76513,46468765,44736,76529,46465105,44736,,,
f21f29eb920d8d65,77048,46999976,28240,77062,46998296,28240,,,
f2da835caee14c1f,82325,52279750,27027,82342,52278272,27027,,,
f2f9f9fecd014f2c,89167,59117381,39914,89179,59115222,39914,,,
f3d5ea66a291f4d9,57916,27868483,37906,57931,27867012,37906,,,
f40a1de0ff433676,40561,10420306,26202,40482,10418532,26202,39752,10447315,26202
f442b1e8cff4ad99,46940,16895437,55766,46957,16893702,55766,,,
f47e2fec48962d82,73446,43402031,26905,73465,43401029,26905,,,
f4b76c2f7c579005,32129,2084419,31319,32147,2083272,31319,,,
f53f4a5d6ecc4880,58635,28589012,36599,58651,28587073,36599,,,
f6204459b228663e,82445,52399886,33903,82462,52398572,33903,,,
f6263e5d1105fe9f,41908,11860423,63498,41921,11857123,63498,,,
f63aa8e6b760e464,77226,47179442,38528,77241,47177472,38528,,,
f65849c63a56e035,85262,55217334,29666,85278,55214462,29666,,,
f6638a2e35a1e1e4,38007,7961732,38214,38024,7960432,38214,,,
f739b40dd3ee2f11,78611,48564828,19430,78627,48563296,19430,,,
f7512846c9db5160,57438,27392527,38111,57455,27390875,38111,,,
f7d9bd21a8d818b7,89763,59717327,40030,89779,59715193,40030,,,
f8495d004ca2573f,35068,5022282,27354,35084,5020611,27354,,,
f9413f16b3260ee8,79385,49340378,60254,79402,49338305,60254,,,
f9fbdb030b07f0a3,43949,13903149,61130,43962,13897909,61130,,,
fa24653fa5782a12,87240,57077146,31579,87139,57075301,31579,,,
fa6b1c85c9a773f0,67712,37645623,28189,67708,37644093,28189,66982,37673154,28189
fac198d0deea8af2,64091,34046233,44579,64107,34043800,44579,,,
fb3cf982614840ff,86281,56236821,29735,86298,56234692,29735,,,
fb45781d1fb94444,67998,37945296,20184,68008,37943998,20184,67279,37971182,20207
fbc11120c474d00a,62537,32490018,43208,62551,32487751,43208,,,
fc191c7faff660db,49341,19298059,54997,49358,19294254,54997,,,
fc1bf34512308b40,64812,34765860,30198,64827,34763849,30198,,,
fc54226bac6533bb,58815,28769878,52803,58832,28768035,52803,,,
fc57cd3e9b5ece46,32314,2266995,30686,32329,2265376,30686,,,
fc9ce6dfa29fb4c9,64872,34825845,30465,64887,34823825,30465,,,
fcc3710b421bdb44,35849,5802919,55206,35864,5800323,55206,,,
fd2f1469ae3aa222,50663,20619513,57984,50678,20614500,57984,,,
fd55be5127ff9df1,57319,27272558,38354,57335,27271159,38354,,,
fdfe8362127cca25,44009,13959651,45039,44021,13957438,45039,,,
fe0923910ad4e343,69431,39385664,24884,69448,39384196,24884,,,
fe1c9b85e962e260,81125,51080389,56398,81142,51078447,56398,,,
fe45a55c14dc0792,36943,6898555,25494,36953,6889352,25494,,,
fe9e21d2b2e3b9e3,59114,29069342,36731,59131,29067112,36731,,,
ff1ecd476ea1f19b,70746,40702808,54669,70765,40701191,54669,,,
ff2b581cac1ab0d7,54197,24153215,47149,54215,24151753,47149,,,
ff5cdb90e82168b6,77590,47541140,58800,77602,47538019,58800,,,
ff698672681797ca,65112,35067860,67388,65128,35064464,67388,,,
ffb47ba3d49177dc,86401,56356837,29890,86419,56355066,29890,,,
fff09bc21acd51f2,86764,56717309,71171,86779,56715508,71171,,,
