content_hash,rtsp-0_pts_ms,rtsp-0_arrival_us,rtsp-0_bytes,webrtc-0_pts_ms,webrtc-0_arrival_us,webrtc-0_bytes
003dc1e026272bbc,54771,44898547,208924,54718,44914321,208924
005334b6b0b12079,15849,5995561,198459,,,
0075f552420fa930,15108,5237915,213954,15053,5253461,213954
00879abffca8c16b,58496,48638683,213764,58433,48654717,213764
00b9254deac3bf0d,13697,3839008,212631,13623,3854075,212631
00dc32412797d380,28649,18775780,215250,28593,18791283,215250
00ee352ab7ad9fbf,,,,17687,7893333,143327
013915105d0ea7f2,18539,8666437,214501,18471,8682133,214501
018bbc74a694568f,30737,20861591,212138,30675,20879761,212138
01a85064b4187c05,55751,45878922,215069,55694,45894201,215069
022bf636bb2e9ef9,11993,2108850,200173,11931,2130227,200173
024e13b52483dd86,16155,6292607,214927,16077,6308325,214927
02c4b2ecbd516c39,58188,48320652,212302,58118,48336757,212302
02d91f37c1519577,42561,32698815,207089,42497,32714151,207089
0310afa20cfce17e,51526,41671562,215089,51456,41687900,215089
0313b8f0af5efd50,40420,30545359,204511,40360,30560429,204511
0336741a3eb3a896,23410,13532038,210740,23324,13548063,210740
0367bca87cf90d09,42401,32535504,206398,42342,32551734,206398
0416c85dd271c4f5,57304,47435993,214705,57229,47451823,214705
043ca9d68b97dc20,36847,26995123,215975,36780,27011607,215975
04c24f3f33f532fb,20962,11115285,215045,20899,11130118,215045
05484d3cb72aa9a3,,,,21453,11652987,200213
05a40bee48e28223,56263,46396412,213707,56195,46411544,213707
05e634a44a7d178f,57811,47932083,213901,57755,47948715,213901
05e6ba00340dd19c,39025,29172943,208023,38961,29195015,208023
068763caeed57f3e,41371,31490790,205299,41310,31508781,205299
06fddb494f52b64d,51651,41800714,215749,51585,41816386,215749
075fa409c83a3c9f,15466,5597369,211696,15407,5612829,211696
0788634d21317753,44498,34622904,205572,44433,34641152,205572
07caab8583db8cc2,49723,39876026,215147,49661,39892083,215147
0836bf972896d8c7,,,,44185,34381413,204273
0867d883dda1bfe4,56575,46720478,215236,56509,46737132,215236
08a93fa179095c5d,29944,20081594,237047,29878,20098546,237047
08bda7a0c21afc1b,39975,30118507,216166,39915,30134401,216166
08f1a81aa21f2e92,43130,33252627,214830,43075,33268794,214830
092c8e0a4d990748,49166,39289470,199579,49109,39304248,199579
09cf89b3767132dc,21878,12031657,213608,21816,12046962,213608
09deba8d8a26335a,25078,15218450,212106,25011,15233890,212106
0a09c60d0f391259,12717,2858686,213822,12651,2873670,213822
0a8dd04a603f7bea,32959,23115319,217496,32901,23131801,217496
0accd341d8531365,52693,42840886,216017,52626,42856970,216017
0b3cc827d3cb10b7,13421,3549871,213361,13357,3564390,213361
0bba49da16b64cf3,16889,7036356,215043,16828,7052092,215043
0c24ef456f6dccc3,,,,38570,28798816,207171
0ca63844b0df0cbf,35243,25368021,214152,35185,25385419,214152
0d45dba1b237805e,58283,48420306,214255,58209,48436616,214255
0d8f62b7d3b34bc2,,,,9913,132984,212835
0ea1fbd4de2a2c1f,42239,32375316,204678,,,
0ea7230edca88a47,39219,29344148,218187,39168,29361606,218187
0ec47d6515655c73,50611,40756674,213331,50542,40773185,213331
0f1a26aea45c8acc,37392,27518360,213591,37339,27542464,213591
0f553e60d9cc5a90,29756,19880588,215978,29697,19899449,215978
0fd69daabbc08b01,15206,5340229,215064,15151,5355668,215064
105b74db08c48fd6,28043,18191502,214475,27977,18208084,214475
108f1da85a23a25b,20399,10534087,214780,20344,10549055,214780
10bf497f8e7966b0,37615,27739836,216987,37555,27763342,216987
10d0501569a5b5fe,51246,41380238,216295,51185,41396749,216295
10d591fce856eb20,58912,49036499,200166,,,
10e3da7f48517259,,,,52954,43154236,204375
1136fa19863e2820,23602,13726791,216711,23515,13743698,216711
1186ccaeb8ce212c,11491,1618061,214784,11430,1633807,214784
11aaeaf0e898f610,38521,28656139,207085,,,
11e96b6201338c75,55031,45152046,200896,54976,45168648,200896
11f0ecb7a045960c,13136,3260702,212250,13081,3278371,212250
123e707727fcef3e,33182,23310937,215738,33126,23327112,215738
12bdcadf0056cd61,25992,16139209,218673,25923,16154809,218673
1367ab606969a160,31958,22098370,213763,31889,22113556,213763
138afa216deb27d3,38144,28300141,215735,38090,28324443,215735
13a0acb6a20ab65e,56769,46893787,214663,56715,46912337,214663
13cc697c97a6541c,35832,25977705,214058,35767,25993366,214058
13d58bb053c3e38e,43730,33873027,215948,43657,33888263,215948
143e29897e52d803,31740,21874838,216871,31669,21891162,216871
155b9c3958ef8e9c,42720,32856476,215801,42651,32872498,215801
1560bd018e97d266,29430,19557903,211993,29373,19572816,211993
1595d4b559109471,46034,36147405,206416,45972,36171032,206416
15e2788af493898e,27512,17633539,215048,27458,17649489,215048
15f70d1fac98ade4,52298,42422384,215632,52235,42441466,215632
1641afbb21876701,43097,33221746,216100,43043,33241791,216100
1679c5d5090fdbaa,34040,24165067,217388,33987,24183172,217388
16d43752b9d35c11,55978,46102600,214924,55919,46120387,214924
1700e69d6234d98f,44896,35051818,213737,44837,35068425,213737
174250fc3d40eb05,40547,30674941,216399,40481,30691370,216399
176ac647effde31d,21850,11995525,214490,21780,12011579,214490
180a8286b9b8e452,43544,33678748,214481,43481,33694075,214481
185a686cc5b21ed5,23878,14017004,214079,23811,14033881,214079
18600bf2fca41e60,26684,16827765,214389,26622,16843661,214389
186f12d90a2be800,13298,3422991,215123,13241,3440388,215123
18be607bb59fe49d,35646,25794233,213439,35579,25809837,213439
1909b17480d25d1e,33843,23998375,215893,33784,24014702,215893
1986aac485e4a42e,12839,2997411,236455,12783,3014352,236455
19934a309d2d2a78,27543,17674109,239957,27488,17690897,239957
19b4c433c482bf16,25554,15679425,213120,25492,15697565,213120
19f4a22d0ca81bfc,32682,22821457,207078,32607,22837004,207078
1a3fc5645eeabc15,32498,22623005,206543,,,
1a5da6fc45e8ba27,26491,16618145,213754,26433,16633976,213754
1a63c1e1d963adb2,,,,30457,20655464,204929
1a6dce7b929aaca0,,,,54946,45141336,204191
1b0542bd8b4e8325,28966,19097202,215178,28895,19112841,215178
1b8572bbde0498be,35495,25619760,216506,35428,25638688,216506
1b8fea55527cbb90,49197,39323382,200929,49139,39337883,200929
1bbb907dd135a956,13886,4035323,199979,,,
1c3bb20f01882477,16860,6999984,213031,16803,7015811,213031
1ceaa3fab15702cc,40762,30910148,214721,40695,30926590,214721
1d40cae8c2dbda4f,,,,42182,32390998,204640
1d6aaf7ed414d22c,18221,8345410,215785,18158,8361409,215785
1db2bb68fa13ffcb,52389,42515418,214138,52321,42530411,214138
1e91d0bf7ca74d86,39821,29959238,216295,39749,29974873,216295
1f499b05ea3e0251,27673,17802175,238481,27617,17819624,238481
20125fe98c958ded,14872,5019002,214753,14803,5034756,214753
203c55885eb61e2e,58343,48478834,201987,58267,48493933,201987
20a7eb7dc3a8be99,46544,36674924,214876,46472,36689690,214876
20eda865c5b69d12,33751,23894711,216970,33679,23910130,216970
214dfbd74bf9d3f7,28233,18378037,215622,28174,18394309,215622
217ab8455762ecef,31012,21152864,214613,30938,21169380,214613
220548b035a1bdd0,16731,6876553,213091,16679,6892270,213091
2239dd66944e84ae,10861,997019,214363,10798,1012030,214363
2247f35ed1740ef9,33248,23378129,215103,33191,23393441,215103
23beed11584574a8,55000,45124297,204229,,,
240dca42ab3f21a4,47648,37797289,215497,47581,37812371,215497
245faa7cec11d840,26781,16917925,215507,26717,16934342,215507
2466d876d7777dfd,32866,23018427,216406,32803,23034050,216406
267c73a2967d1b63,25107,15254545,213638,25039,15270360,213638
2684ea2b2d53f972,33377,23501754,214803,33319,23519422,214803
26b23bf72558064e,40982,31137098,214802,40921,31152944,214802
2781b33d517a5d03,50796,40953132,216457,50738,40969164,216457
28d5cfb53dda0754,34577,24704796,203448,34507,24720275,203448
29613e722fddbeef,16383,6514806,213203,16343,6534059,213203
297248c1026b4838,34105,24229786,214933,34052,24248685,214933
299a7b5a8006d4e0,48307,38440173,172271,48228,38453286,172271
29b8a59f6eeae66f,59039,49165078,201830,58982,49179861,201830
29df1cbafa9ab145,58034,48155982,215551,57972,48172356,215551
2a91aee22fc42be2,31042,21189478,216118,30975,21206448,216118
2b4eee8ac088a1d1,35369,25501331,234493,35307,25519259,234493
2b877988d5e0fd55,33502,23634477,216424,33439,23649811,216424
2b976d7e89c3c16c,24511,14635742,214932,24454,14652097,214932
2bde4fc6cf551650,17927,8076415,198042,17860,8090699,198042
2c3315db485b1d0a,,,,11899,2101467,199251
2c369b8920e1f08d,32652,22786438,205887,32581,22801688,205887
2cacc66a94b987cf,36216,26340211,214147,36160,26358346,214147
2cea525bf924d7e9,41651,31790067,214891,41577,31805490,214891
2d02cece6d23010a,13606,3737275,212735,13537,3751809,212735
2d12996d5a656da5,40610,30736502,215351,40541,30753580,215351
2e0e2970f442b013,55127,45253972,216216,55068,45269222,216216
2e25ebfa7f2f005a,28746,18877793,214161,28688,18894050,214161
2ea4f4dd014b5de3,37740,27879475,217407,,,
2f18de19ad152c57,40389,30510935,204344,40330,30526164,204344
2ff9df3c663f23ad,29154,19300145,214063,29086,19317125,214063
30a45f06e9bf155c,37865,27998770,214798,37802,28031527,214798
30dfc6be7163ee8d,41592,31717139,216787,41522,31733757,216787
314e4d3779303b3e,47182,37307237,206501,47120,37325268,206501
316abd9652201491,52419,42551566,213344,52348,42566170,213344
32e624916f912cca,28389,18518111,214107,28336,18534353,214107
32ff20577bbda7ea,51747,41900653,214353,51686,41917592,214353
33133f0525ecb12f,55913,46039431,238810,55855,46057496,238810
33180965c04469cd,45279,35410118,218573,45218,35426940,218573
332b732d525a4a33,39054,29207926,206865,38997,29231212,206865
33f81476fb4bac6f,37064,27219916,215141,37006,27235179,215141
34143fee37e73362,30642,20766465,203654,30584,20784724,203654
3431ad65852907b4,11616,1753812,213835,11549,1768622,213835
345d95ed27d4be97,43639,33776791,215475,43572,33791808,215475
349223f846c7feae,10385,517366,213373,10329,532607,213373
34aa4a6d3543bcd2,14499,4623928,213387,14439,4640911,213387
34d849fe2771fc35,24381,14505771,214934,24327,14523979,214934
34e94172afd3a48c,51182,41310707,214719,51123,41326227,214719
363a089d1a40c2bd,43887,34038823,215309,43824,34054866,215309
3679053f51966101,14338,4462283,214039,14280,4479367,214039
37109381dfef457d,34882,25038672,214659,34823,25054198,214659
371acad23b625232,25296,15415227,213441,25238,15434179,213441
373c178fc495ca81,14370,4494208,214217,14311,4509398,214217
373ea6f8f96c9ec0,18252,8374992,213993,18190,8390951,213993
373fd6f8836134d3,45657,35795599,216633,45583,35811446,216633
38eac6719be61786,52136,42265117,236853,52076,42281807,236853
395e113e339c4dcb,53606,43760927,215570,53546,43777652,215570
39b2e414c98fae1d,50429,40562777,215142,50364,40578906,215142
39c53ce8ff6ee731,13039,3153738,214555,12985,3177206,214555
3a10cc742fca4601,55598,45739742,214118,55525,45755913,214118
3a2936003fc25eaa,38744,28879243,218243,38691,28902671,218243
3a42e660ec11d833,19861,9996463,201488,19787,10011894,201488
3ac427c5c334082e,59261,49399604,213144,59196,49415205,213144
3b0dd0a13f015e50,38648,28788637,205086,38598,28808584,205086
3ba61c3114793c16,26394,16531423,216030,26336,16547617,216030
3bc9b83c2791749b,40324,30440986,178601,40268,30460158,178601
3c05c4004f60041c,20368,10497759,214164,20313,10513376,214164
3c6be42965c29791,18155,8279706,213479,18093,8294372,213479
3c82cc718c372355,49917,40041384,214469,49867,40062755,214469
3d189376d18fdb08,33658,23800190,212840,33590,23816419,212840
3ddde0f9a70a7dd1,41804,31950046,216693,41735,31965735,216693
3ec05984eb60cd26,12155,2279647,198192,12088,2297273,198192
3f453cb56644cc8f,33150,23274471,215879,33094,23291264,215879
3f6d593ec98e369f,30767,20892839,213568,30702,20908482,213568
3faf79781e9e4b96,36818,26958592,215449,36749,26973472,215449
4049dc461bec26d0,42497,32631598,205973,42435,32645987,205973
41724b8d8ec458ab,31264,21378070,216684,31207,21404018,216684
41eaa0b0854b3a83,50765,40916489,213124,50706,40932445,213124
41fb7918db44d607,59417,49554626,202282,59340,49569898,202282
421796f93549f22a,40130,30256606,208391,40075,30271544,208391
42708fe82c28303e,26844,16977737,213584,26777,16993435,213584
42c670937d7c02aa,38775,28916180,218851,38719,28941662,218851
42d7beedb58f0ddb,14653,4790285,213608,14583,4806108,213608
4321a65ecc39fd9b,57484,47640026,213529,57424,47654632,213529
4347d59c388f3b27,12440,2570885,213564,12360,2586331,213564
43512fa2816c9b74,43760,33909367,214981,43695,33925788,214981
436f026b9fb211dd,10641,773221,215224,10578,789089,215224
43fa9703ec767b41,54121,44245952,213059,54057,44264067,213059
447c67ddd0db5a92,35274,25393650,213167,35215,25412277,213167
4509201b29fada9b,44622,34758422,214842,44548,34774922,214842
45ac966a70e3a485,36908,27060567,215269,36845,27075770,215269
464837a523dace24,50176,40296990,214167,50121,40315440,214167
4656082495caf856,49004,39119749,214158,48952,39142512,214158
466eafcf4a748285,51910,42034375,214592,51852,42051762,214592
46acc798e980a8de,53297,43432872,214256,53226,43449554,214256
46f71ec1339f5030,42782,32929072,215754,42714,32945183,215754
4758ce42a43ff70d,39117,29277842,215966,39066,29293726,215966
476f72f80c311617,57060,47171046,202435,56999,47196118,202435
4784c9c2ebe022df,27479,17597189,213065,27426,17617476,213065
47a5abbd7e404586,59389,49520389,199564,59316,49534931,199564
47c7257f5110baa7,40005,30155228,217099,39945,30170817,217099
47fbbc8f22658958,23939,14083748,214328,23872,14099051,214328
4812dca8701b4943,16982,7139125,216165,16924,7155281,216165
483eb899e5a72682,53485,43620134,213951,53407,43634999,213951
484c0b70bbbc24e8,,,,18414,8614949,200412
48529190e9f49fdb,17329,7458597,214260,17279,7481947,214260
493e61547df739d9,,,,56908,47106058,200889
4a2b128b67590d44,49752,39912171,214266,49697,39928915,214266
4bd93d1dbe309d04,25458,15582705,215430,25399,15600984,215430
4bfa498f4e8d3e13,39640,29764932,219340,39581,29783243,219340
4e2877d3ba7ec4fe,13071,3189800,213087,13017,3209023,213087
4e8591c4b89fb695,19607,9737624,199872,19542,9751589,199872
4ee1392a4962e4fd,15496,5633791,215186,15436,5650246,215186
4f6ebfab7091ee76,56010,46137187,216033,55950,46152146,216033
4f74c9aae7c3f7e1,38586,28718910,205650,,,
4fac74dd14557104,56636,46796433,212421,56582,46812544,212421
502f4471a976eee8,57779,47895874,214963,57724,47917823,214963
503c5897394fe093,48214,38342028,214948,48142,38362844,214948
504452381c0bce22,21512,11636510,200251,,,
50720f01634f7f58,35178,25302618,213473,35121,25320515,213473
51cde0f90eaa65e3,26241,16395052,215453,26180,16411611,215453
52a4fc648de751a6,52571,42716903,214830,52501,42731999,214830
52b20ecbef2b3914,17989,8149340,212583,17934,8165130,212583
52ff59e35c6f7070,59070,49201480,215507,59011,49217534,215507
52ff71333216db84,52360,42484476,214316,52294,42501884,214316
532d5505016a3025,44529,34650880,204732,44461,34666967,204732
53840178da45b44d,20044,10198397,213844,19984,10213589,213844
53bc561fba6c9ef9,30415,20534213,216233,30360,20554201,216233
5480e02fdce72525,28873,18997766,214763,28809,19015619,214763
548ec98f63850d1f,43702,33836549,213975,43630,33852421,213975
5628f437fda6fa3c,32591,22716865,205250,32526,22733396,205250
56b5738f807b486b,15592,5735824,215007,15528,5752976,215007
57079ddf1d3022ae,31986,22134568,214279,31919,22150180,214279
5720ba14f2089dac,31362,21477746,214948,31304,21501112,214948
5730fe891c67ad26,53141,43265462,213961,53080,43283617,213961
576cf7192a0da6ff,23347,13471509,212027,23257,13488388,212027
57b8563c0170986d,27130,17279977,215058,27067,17296358,215058
57d58f5dbae71240,53423,43561281,215628,53349,43576400,215628
57eb7d0fdebff7f0,42141,32273774,216368,42085,32289566,216368
5884c8a5f4019d1a,47020,37144560,217130,46959,37165937,217130
594117e61f11f9ed,28904,19033438,214050,28837,19049262,214050
59a19ba059bb2296,12409,2534745,212979,12332,2550907,212979
59d2e7439c16785b,10096,252913,212942,10038,269028,212942
59f4da96606f4b8a,35862,26013790,213523,35798,26029198,213523
5a496fad214017cc,14110,4237280,212246,14054,4252602,212246
5a998da7e48c59c0,53236,43360483,213150,53170,43379371,213150
5aa6e76926c7f046,25872,15999648,214013,25805,16015172,214013
5aa74dabc2a6b476,36535,26670155,214722,36468,26685414,214722
5af6b21e6a9e5a3d,59888,50021070,216025,59831,50037231,216025
5afee4f9b44863ef,25651,15782552,230251,25587,15799726,230251
5b2fbb4b3b3133c8,41746,31876985,214558,41669,31892585,214558
5b405bef9bd16dd2,32744,22877669,215955,32666,22893986,215955
5b6cdb974eb46cfd,53544,43692604,214548,53477,43708875,214548
5b8ede40b2b88952,45021,35139998,216089,44965,35158915,216089
5b9b72c8d14096bb,37552,27674656,214888,37494,27698461,214888
5bd3a8eb97ebe152,24765,14894179,213844,24698,14910049,213844
5c29eb0dee6e4414,10254,389070,214126,10199,404841,214126
5c59e37f7eb0f0f5,12747,2895000,214813,12681,2910855,214813
5d56941095e80075,21155,11280044,214956,21101,11297725,214956
5d61eab563a83b2e,,,,47828,38035001,205389
5d8a6dae1df4ffe8,13977,4128606,200531,13912,4142924,200531
5d9c13782c765611,16920,7072242,212360,16856,7087948,212360
5e6ae74350a69de0,36151,26274373,215047,36096,26292052,215047
5ea9e0c4bcf0e2a5,29975,20116026,203949,29907,20130971,203949
5f069eb7843e46f5,22808,12937227,199536,22736,12952318,199536
5f260ca27b2c7c60,22098,12260020,214496,22045,12276813,214496
5f3143cdd3eb3ab1,54304,44443094,214775,54231,44459019,214775
5fc9808eff7d86bf,24856,14998699,212434,24786,15017974,212434
60409f739dc06c36,15140,5273774,212251,15085,5288951,212251
60e2c1301d83c96c,41529,31653405,215826,41462,31669373,215826
60fa804fea471c47,51496,41635220,215445,51420,41650822,215445
612ce4872a52d3d7,51942,42056319,214587,51884,42079811,214587
613646f3ba19ff0e,31648,21775162,214960,31582,21791347,214960
6193dadba2f7d022,48054,38176281,216324,47987,38192015,216324
61fbf940c4105a8e,49550,39683009,204704,49483,39698005,204704
62047678e5b2bccd,42874,33033198,215819,42818,33048943,215819
62082290af11e591,10450,577218,216243,10393,592941,216243
641b1f70a9fbeae1,59757,49883925,236909,59701,49901948,236909
64782c82ca1a386f,29850,19977899,214082,29788,19993448,214082
64c3adc92ff42db6,50736,40880440,215155,50676,40897437,215155
65324f13fe5f2687,50206,40334177,214762,50150,40350644,214762
6563228df38b521c,58781,48896143,202723,58729,48919196,202723
6581033ef00fb1bb,27192,17338217,214167,27129,17354674,214167
6605254f515ba7dc,53801,43925385,215692,53744,43943766,215692
667b6fccf4afaf64,12090,2209814,199700,12024,2227499,199700
672ed94d124ae29a,45627,35758975,216814,45556,35774697,216814
678d65961b837753,14778,4917977,237403,14704,4936005,237403
6800781b2bd9a57b,53172,43297171,215140,53109,43312468,215140
6807146182d26c0c,58126,48259863,213902,58060,48276045,213902
6843c7f1594e71b5,58372,48513143,202784,58297,48527934,202784
6845c250b6faa735,38229,28357691,216780,,,
6894fefcd2da041f,49292,39418815,206715,49231,39434085,206715
68ac22c4b1041463,55627,45776067,214829,55560,45791519,214829
68c990686b1e7985,52632,42780513,214164,52565,42795766,214164
69579e07cf73ffe0,54245,44374996,205647,54174,44390406,205647
69583e53c2610730,12502,2637236,214009,12421,2652267,214009
6970856128ea928c,17585,7722201,216263,17533,7737459,216263
697de49ca0a17096,47742,37880012,217266,47678,37896768,217266
69a2a14567d7425e,19951,10098524,213565,19884,10115619,213565
69d33db4c33ef4d5,20652,10792124,215537,20588,10808478,215537
6a4b0e43e53f4df1,10983,1138392,213595,10922,1153299,213595
6a4d08891acdce44,24029,14179359,213828,23970,14195032,213828
6a971151f285caea,23760,13884468,214875,23672,13902159,214875
6aa8f43470e56202,52882,43006261,214938,52824,43024981,214938
6b60fce096dc6f41,11585,1717606,212898,11520,1732564,212898
6c2ae3cbf8157de6,34754,24906397,204076,34691,24921812,204076
6c8141f7fa646287,17616,7762144,236341,17563,7778346,236341
6cb57c560356a869,25264,15388704,214066,25207,15406124,214066
6d15928efcdde1da,42304,32436602,205419,42246,32452028,205419
6d22bdb76f92908e,10482,613336,213745,10424,629746,213745
6d41ebea68aab1bd,20270,10395775,213741,20217,10411527,213741
6d6029fa584c514d,14624,4754163,214418,14556,4770109,214418
6e87b32ac694f1e4,44558,34687471,216242,44488,34704003,216242
6edebedda0fffc83,10513,649289,213076,10454,664819,213076
6f693d54c0394aed,32774,22914141,215598,32699,22930093,215598
7021ef4f37b26369,53865,43990167,214806,53808,44008228,214806
702755fa15177392,41435,31560036,216341,41372,31578137,216341
702e8dcb95e278c0,26329,16458317,215107,26271,16474087,215107
707c6e15a610a0e9,,,,26562,16769613,204271
70b199e4f2643e6f,18854,8989537,200825,18775,9003794,200825
71b115a05738ebfa,27222,17374588,215268,27160,17390751,215268
720b7328f69a8582,33472,23597901,216305,33411,23615010,216305
721790829c5bfa3f,57747,47871873,215104,57693,47889785,215104
7261ba506be4a964,21973,12118984,213648,21914,12134307,213648
7288be9f0ec23f0d,25929,16072458,214177,25856,16088415,214177
730945f13469b6f5,30253,20410486,215413,30195,20426471,215413
74044c0ff9585d4d,26151,16299115,215257,26086,16313939,215257
740e88de88d5f02a,52723,42877098,213934,52663,42893864,213934
742936a90541e229,35338,25462741,239483,35277,25482318,239483
74dca78a5810fe6e,44243,34355084,204311,,,
74df1e9f07b3deed,14934,5079661,212605,14868,5094870,212605
75231e484d3f1835,28013,18155252,216390,27940,18171761,216390
75666eacf693b7f5,31426,21550576,216035,31367,21567390,216035
7618706f9be045f0,24414,14534605,213792,24359,14551796,213792
762fe33f3681a293,46066,36181893,204132,46003,36202703,204132
7644982ada4728cd,45874,36027433,176013,45810,36040101,176013
76e1f2ba28db9dee,45150,35280606,240404,45093,35299232,240404
76e3ab984df90f2b,42465,32596756,206505,42404,32611816,206505
77242865c47b6243,17744,7880442,143365,,,
776a4d79fa4badc6,29787,19914338,214015,29726,19931136,214015
77e73795d74e22b0,45053,35176432,213175,44996,35193478,213175
780b51cd9c789cba,11960,2085033,199289,,,
781362958bb69c08,49694,39839508,215925,49627,39855552,215925
784192a34b186356,40452,30580063,205262,40390,30594912,205262
78bf6ba9817af0da,25490,15615132,214681,25430,15631889,214681
78bffaa6ca4e1353,30193,20337550,214067,30129,20352426,214067
78eee8459e3d26ec,46606,36738774,215363,46531,36753606,215363
79346c5245bf38d9,37197,27321905,215539,37145,27339450,215539
79b675e28b4808f3,53266,43396636,214009,53198,43412844,214009
79da3477f71095f5,30858,20994346,215297,30787,21010568,215297
7a1d83318cb3a0f3,50300,40436911,215166,50239,40453332,215166
7a30b944eaca8969,37001,27154440,216323,36940,27171333,216323
7b12f9748b38e6d2,16123,6256307,213744,16040,6271379,213744
7b227d7c75612792,29594,19723415,237947,29537,19740830,237947
7b3891337d364fff,40293,30417803,176513,,,
7b3d508f4d935fd8,46421,36553911,214183,46355,36569082,214183
7b4b5167fc4961ee,41775,31913430,215590,41699,31929973,215590
7b7afd7f1c33afff,25901,16036189,216116,25830,16051852,216116
7bbceb81b5564293,59007,49130969,202465,58951,49146017,202465
7c023687c79326f0,47308,37428134,204131,47239,37446070,204131
7d83c0768dcc456f,18478,8596423,200450,,,
7dcab4e201a0fb2e,51150,41274447,214714,51093,41291433,214714
7e51234a5a36312c,,,,32439,22640450,206505
7f142e6bc68646a9,50890,41019644,214850,50837,41035989,214850
7f3c8d682fa91341,36118,26242996,215252,36064,26262315,215252
7f5f40136b56c16f,46516,36640712,213423,46447,36657661,213423
7f69859a4345fd0f,30673,20789572,203284,30613,20811344,203284
7fca9ae4dc472e49,30513,20637799,204967,,,
7fcb0f9d2ad090b3,37262,27386730,217383,37210,27411689,217383
7ff698109956a417,10765,913696,212250,10699,930202,212250
8018ff87d9e4db23,59511,49655890,215978,59440,49671245,215978
804d3fe7a3cbdbf0,57394,47535995,215177,57320,47551630,215177
80c073a37765703c,28616,18741382,215551,,,
80ce8213cfb95ea6,34170,24290020,214353,34115,24308295,214353
814dcd0517e1cec1,20591,10719295,214677,20532,10734343,214677
820131bddccf7362,22397,12516064,196516,22345,12533373,196516
8234fe9197d006e1,,,,19483,9692663,199695
82916ad8db18f0c3,22004,12155334,215061,21944,12171029,215061
82afff7d3afa214e,22365,12490100,237205,22314,12511102,237205
82df3051ecf2627c,,,,13821,4050628,199941
8315b5e385c15528,13948,4094738,200781,13884,4109700,200781
832be29d2b5da4fb,32804,22950288,213930,32735,22966759,213930
837dcd66116f220a,47246,37370949,204713,47182,37390620,204713
84617d68cde08ecc,57274,47399649,212939,57203,47414682,212939
846fbcc71df4c5d6,41867,32017672,214850,41802,32033638,214850
85497f7f95e82e9d,18882,9023031,198493,18807,9037913,198493
85509219a65fe1d5,9849,0,213017,9784,15673,213017
85603ce9c2cf6607,24671,14798931,214760,,,
866ebea5185330d7,,,,28562,18759134,215513
86802965f91a98e2,43416,33552788,214595,43356,33567803,214595
872fa0bb2643dcc2,27833,17958938,215964,27771,17975815,215964
87400c062b29e73f,39762,29895492,215782,39693,29911685,215782
87b98c79c8d5b189,15720,5858937,215851,15654,5874997,215851
87c249c837900132,48433,38573372,203366,48357,38588415,203366
87d7eba08d5ba430,45533,35670785,216052,45466,35689090,216052
87da47fb37efd76c,37096,27256602,216482,37041,27272377,216482
881324f9f4807c45,17774,7914168,199429,17714,7929784,199429
883f9154de3de2e3,52542,42680581,215403,52467,42695289,215403
88589d32563e52c2,13006,3130414,215801,12952,3149897,215801
885b025db342732d,41211,31328490,207537,41152,31348004,207537
886ef572773f9a8c,47525,37661177,218030,47449,37678815,218030
889bb0fc5b6c64aa,16543,6682181,213350,16499,6699401,213350
88f7db2f2fe5af44,22721,12845845,200092,,,
890df6052fc90ba1,44749,34878054,215529,44671,34895492,215529
894371e656462d8b,32622,22751639,205646,32554,22766989,205646
89e7bf1ba7187c4a,20074,10234528,213758,20019,10250172,213758
8a15555b894940aa,33722,23857991,215906,33650,23873581,215906
8a829e622329340a,35555,25690653,214223,35482,25706113,214223
8ab012d2978c15d0,,,,58859,49054481,200128
8ae502145d1922e5,35892,26050011,214269,35834,26065871,214269
8afdb3f84604b3b7,38994,29137796,208315,38927,29157605,208315
8b2049fbca86d6a1,53898,44016511,214984,53840,44037043,214984
8c5e0d39aa4432e1,37424,27555143,217476,37369,27578044,217476
8c75ce9b41e16d6b,23508,13632382,215759,23421,13649316,215759
8c9d3c8db8bb061c,11710,1860317,236231,11646,1877218,236231
8cb286c0f7ce2cd4,57153,47278992,213444,57088,47295039,213444
8d1e413b2a5fc7b7,45936,36057148,175782,45874,36072186,175782
8d77d5bac869d0b9,20870,11015452,213971,20800,11030720,213971
8d7f72cf754106bd,34297,24414036,214507,34240,24435923,214507
8dd536e3e501e9c5,58525,48674920,214140,58463,48690944,214140
8e16b6a97f62020c,12623,2769933,214679,12554,2785788,214679
8e20a7ae3b6b8ff3,39413,29537183,223964,39359,29553390,223964
8e66fb868c3911ef,48649,38795900,214757,48588,38812228,214757
8ee170f1d6c0650d,38869,29016771,222223,38806,29037606,222223
8f6e29fca11c83ce,14962,5115704,212760,14900,5131030,212760
8fcfbbaefa99dc85,23788,13913611,215192,23700,13930276,215192
903a43e191554e90,56514,46660346,214954,56445,46676377,214954
903db22a09b67c5f,45247,35373072,213872,45188,35389091,213872
9083e78bc4a1cbaa,48086,38212356,213149,48018,38227380,213149
90eacd33ed2b2bbf,12186,2310685,214017,12118,2327191,214017
911f5880e22872f6,43161,33288834,214102,43106,33305146,214102
91228fff46717a7e,27984,18118661,216624,27913,18134900,216624
9149979de84c0c4c,58587,48734684,214161,58525,48750883,214161
91e83a36e2f3686e,16286,6420254,213860,16247,6442184,213860
923499c3bce84761,11101,1236693,211811,11043,1251914,211811
926a4f29f043a0c3,35770,25913833,215134,35706,25930498,215134
92b2a6aac909f8c5,51309,41442934,214719,51246,41459664,214719
92c02a972375d0e0,14748,4877833,213984,14675,4893978,213984
92cce1871f56cc6d,19637,9771288,199230,19569,9784863,199230
92d0545bdb666d1d,14143,4273294,213093,14087,4288500,213093
9372b52b372170ac,31897,22038261,214662,31828,22054047,214662
9377b071f257c567,29247,19398639,216949,29183,19413831,216949
9392658b584217e0,56074,46201901,212852,56013,46217657,212852
9434d9adeddc9631,,,,15779,6010645,198421
9465ae0577ff91fa,10189,316879,214152,10134,332722,214152
94bc0fad54a33edf,56604,46760584,236443,56547,46778447,236443
94e22744a7875987,14593,4717919,214235,14528,4735157,214235
957d9503278a59f8,18826,8955525,199597,18751,8970789,199597
95877e6dc6577878,39880,30032434,215847,39817,30048261,215847
95be9f145e387c7a,27252,17410658,213474,27196,17427325,213474
96bde3798e8cf55a,45686,35831916,214899,45617,35847952,214899
9702f6189e9721c9,54152,44276422,216932,54086,44292001,216932
976ea7e2951ebeec,31297,21414612,216237,31240,21436132,216237
9810ed3eb5ac0533,26875,17013979,214354,26806,17029272,214354
9860ebb58d2dfd89,38360,28495608,203933,,,
9897f22e65909ed9,39732,29859024,216878,39667,29875184,216878
98ca1bd468057f03,10004,153127,214662,9942,168659,214662
993d7bed46b9228d,21605,11730220,198580,21539,11743810,198580
9974b77ab00e8f35,45503,35634227,214471,45438,35651146,214471
9995c44375c53741,10890,1036876,235411,10827,1053460,235411
9a83f0ec9af5e880,21820,11959243,213596,21748,11974558,213596
9aaf88e53dbeacde,22300,12415682,214634,22249,12437736,214634
9ac041d5b9303156,37987,28132995,206809,37919,28153895,206809
9b54d831fc877110,45118,35239897,215058,45062,35257391,215058
9b6ade68a69b90d9,11362,1498274,213959,11302,1514232,213959
9be02c36ad9109e9,37959,28098096,209315,,,
9bf97c066e16b765,48277,38411067,205588,48200,38426976,205588
9c48ea0246e52f27,19667,9805212,200506,19597,9819198,200506
9d478bc8c38ae931,13634,3773821,216049,13562,3788868,216049
9d7bfd222d7d6a3d,55881,45999018,213999,55823,46019083,213999
9dc2e202c0c1cf56,19123,9255663,212826,19064,9271151,212826
9e0ca605c6a27a68,10734,877900,215530,10667,893399,215530
9e1d75da41ad0ed5,38017,28168171,207878,37955,28188842,207878
9e46b00d6107fe88,43982,34137174,214792,43922,34152948,214792
9e606389987a6c41,,,,22661,12860711,200054
9eda0f123aac710e,29025,19170217,216037,28954,19185049,216037
9f2e3c91491a09ef,19383,9523640,238675,19323,9540477,238675
9f6d9ca1f73f18df,10610,736826,213947,10549,753300,213947
a0504c86006bda0e,11166,1298991,214050,11108,1314327,214050
a0bf4a8143333383,58647,48807462,214380,58592,48823127,214380
a114c24364675975,13361,3485876,214561,13302,3502716,214561
a14d24d7c857ef52,46728,36879048,214094,46664,36895156,214094
a179a4224df0a599,30005,20152644,216531,29937,20168666,216531
a19b9d53b6563fb2,,,,34458,24662439,206476
a22551a9885e482f,33533,23670792,214888,33467,23686332,214888
a2c683af1b5fbe22,20529,10659632,213232,20472,10674919,213232
a330886b7f098f3d,18508,8630224,199790,18442,8644734,199790
a34127c2cd2dc302,20933,11078952,215565,20866,11094740,215565
a3fd33235af66d5b,31104,21259612,215618,31045,21275455,215618
a46185ab9d050d15,28777,18913672,212284,28716,18930126,212284
a485c3f40af3d8f2,32337,22461775,216407,32281,22480201,216407
a4fc8bff8e9e85b2,40035,30192013,217752,39977,30208145,217752
a533e13176ce3eac,15400,5537472,213448,15343,5553187,213448
a61ebcec991dddf9,22899,13035552,197905,22820,13049161,197905
a64cd2d1fa767077,30382,20506961,214690,30328,20525861,214690
a6a3f4ab51327663,54804,44933381,205892,54751,44948349,205892
a6c9c03bcab178ae,19005,9161142,213235,18946,9177314,213235
a6d845c22cf20f0a,17866,8009449,199183,17797,8024252,199183
a71d958c73f8c5e6,40703,30837423,215612,40628,30853781,215612
a75cd06583ed3b1a,50582,40720587,214544,50506,40736968,214544
a76419959dee6039,48711,38860747,215257,48650,38877468,215257
a7d3fc6a59b04b03,30828,20957910,212806,30761,20973857,212806
a80ce3dd5010589b,50271,40400495,216326,50212,40417771,216326
a84e577c44cfce3e,54490,44636300,215536,54421,44652107,215536
a859ba0fa4d58a8b,58064,48192215,214186,58000,48208279,214186
a89e18f502ce842a,43032,33157438,207866,42979,33173062,207866
a89f17159935fa17,26361,16494817,215871,26303,16510404,215871
a8ec345fdb28d332,30544,20668565,204434,30488,20683378,204434
a8f80354128add9f,40516,30640357,215052,40452,30659007,215052
a969047b20a3cf4b,15271,5412628,213565,15215,5428906,213565
a98df68695fa2af7,24478,14602986,214777,24423,14621431,214777
a9cdea21618a2be1,51403,41535595,215423,51333,41552005,215423
aa3caef675551082,54058,44183985,236921,53996,44201581,236921
aa8681f688a3e41b,45407,35540183,214763,45345,35557143,214763
aab13eead146de2f,39251,29375474,215972,39199,29391040,215972
aab195eba29f648c,15878,6029012,198303,15812,6043102,198303
ac2a28816f792ff0,32174,22298316,211992,32119,22316464,211992
ac4ef3e6634ae01b,48495,38638369,205022,48422,38653605,205022
ac609c437e1dbb55,13392,3513711,213244,13330,3529263,213244
ac83e474314e82ae,25136,15290765,213944,25075,15307171,213944
acc9e37ed80c94c6,44778,34914272,214114,44699,34930742,214114
accbd9f1fb5c7cfc,56965,47089241,200927,,,
acff0729f66b04a9,42751,32892591,213540,42679,32908739,213540
ad0cf34b7958f262,23539,13654348,213032,23452,13676212,213032
ad5343418923a54c,16090,6220128,214331,16010,6235383,214331
ad8c6350400d7b65,24542,14675701,236331,24484,14692735,236331
ad8eb1704bae22d8,24152,14310001,215487,24095,14326346,215487
addfe2ec5c03e9fb,23282,13406734,213467,23196,13424361,213467
ae8268f34b64aa00,,,,45776,36007551,124136
ae890e480c47ab87,30131,20278127,214298,30066,20293123,214298
aef0627fb4e7adc1,16478,6614691,214500,16436,6630554,214500
aef99f25a8802854,17068,7199056,214838,16989,7214563,214838
af0adb0e313579c6,40887,31038136,214710,40823,31053983,214710
afba39ef3cbfbdd8,21634,11763696,197995,21565,11777790,197995
b0304d86addc6c93,20748,10879112,217081,20681,10895661,217081
b2262f8da0390f64,39511,29637934,217712,39455,29653335,217712
b23f8a7cc776f4cb,32015,22170986,215008,31958,22188972,215008
b27ed0d4696c3386,36053,26179418,213414,35999,26196923,213414
b2fec07c0ee952d1,50491,40621177,215877,50422,40637632,215877
b332e8c70072edb9,11522,1654360,214538,11459,1669952,214538
b3c18e812bf05d4d,24794,14930325,213773,24724,14946503,213773
b4e319bcc8fab26a,31710,21838180,214865,31642,21854948,214865
b4f4fa5444d592a2,57091,47207071,212881,57028,47227747,212881
b4fd1a23e3e4ed4a,42844,32996766,214263,42782,33012747,214263
b549282909eaf8ac,28996,19133681,215870,28922,19150650,215870
b5c484a9f2d6a02e,55656,45812104,213049,55596,45827333,213049
b5d09dac4bfb70c2,,,,50998,41191086,203236
b5f4c1c707c0f175,44340,34464192,205735,44281,34509651,205735
b640c1f9598b5c12,37521,27645367,215465,37465,27669161,215465
b68fef675de178d0,48741,38897037,214687,48682,38913426,214687
b73f45741f0c85c2,39382,29506676,219542,39329,29524471,219542
b7886b45fc2c5869,27769,17898587,214965,27710,17914961,214965
b78c8e7208301fbb,16638,6780621,213792,16592,6797019,213792
b7bd246d9237e23d,34549,24670374,204289,34483,24687113,204289
b7c0aef7bdb38a1a,54645,44795192,213303,54584,44809740,213303
b85b9931030428d8,36662,26798062,215237,36591,26812798,215237
b8fed0d2870aaa7a,33874,24034517,213714,33819,24050282,213714
b904c4f6d96ebb48,30223,20374052,215926,30159,20390819,215926
b9ee71c6f0d41424,44371,34492051,205957,44311,34510445,205957
ba04e7d509690262,57028,47153037,201548,56970,47169119,201548
ba6c746aaa27937e,31617,21741998,216934,31553,21760980,216934
baaee1d0c09e471d,33781,23931054,215129,33717,23948578,215129
bb0c5ab5cef3089e,17957,8113167,214517,17897,8129116,214517
bb240172a1e8c1e5,39670,29794517,216987,39608,29810115,216987
bb2f46d1f822da07,36247,26374130,213750,36190,26390081,213750
bb9cd774e45def6e,32528,22651041,206692,32466,22665718,206692
bba2f555150d71e3,34724,24871884,205612,34657,24888267,205612
bbd0cb2a4a545c39,59571,49719727,214831,59504,49734469,214831
bc3072db6d3102ad,12058,2176051,197253,11994,2194784,197253
bc91517476889dc7,46634,36775208,215411,46560,36791368,215411
bca51225af9c107b,55508,45638945,213668,55434,45655470,213668
bd506011b3d55ca6,46391,36517690,213103,46327,36532965,213103
bd7ad0008f316a7b,26621,16755104,204309,,,
bdc073921769dc82,47434,37558009,215906,47360,37574653,215906
bde3d8b83e3eb1b1,12564,2697592,213779,12486,2713154,213779
be9e0fa174cdd199,29625,19759670,214673,29568,19775005,214673
bea9dfa93ae3b51b,58401,48549670,215862,58335,48566644,215862
bec2f63177ad26b6,19090,9219662,214491,19031,9235429,214491
c043302200ec22bc,49134,39258481,200101,,,
c06ff7b67c70b594,57681,47795726,214952,57628,47818935,214952
c09d6e409f878cd9,20302,10432043,214584,20248,10448465,214584
c0c348c7789792e0,35741,25877494,213896,35676,25893199,213896
c0c9a7bab3be86d8,14273,4397947,214219,14217,4415418,214219
c150f2da6199bf25,37646,27779574,241203,,,
c15c1776be287381,9975,116881,212873,,,
c17cc526d933c435,27862,17995428,215687,27798,18011899,215687
c1bf16fbcd61acf9,58617,48771193,215821,58555,48786992,215821
c1f1bcd1e5c65dcf,21382,11506752,217331,21326,11524548,217331
c2345f927952b5fe,44839,34978947,215571,44764,34995330,215571
c2548eb759ead882,26211,16358649,215925,26146,16375274,215925
c2abd5c5c8acc0f2,25362,15486740,215743,25304,15504555,215743
c2bb9bb0726dfcf1,48246,38376291,202681,48171,38391629,202681
c2da30a69b9fed12,54674,44833673,227504,54618,44849850,227504
c425af9f27e13d0e,48773,38933129,213233,48718,38949697,213233
c464372e48f9c072,54215,44340226,218045,54146,44357974,218045
c4ac3606bef3f3d5,57423,47572147,213616,57356,47587196,213616
c4c49197fa60cdc7,32271,22399073,217687,32216,22414671,217687
c4d101d8ccb1cbc9,11646,1790084,214765,11576,1804685,214765
c51c218b78d27293,48619,38759557,216575,48558,38775933,216575
c540b474e7ba17a0,57365,47499577,213130,57287,47514723,213130
c5558bd1012cbb5f,41498,31623074,215083,41434,31641493,215083
c590b1764db70d90,22750,12869978,200037,22686,12886072,200037
c774152a96d55ebe,14008,4165346,217426,13950,4181303,217426
c7d1f3765a7fc83d,25394,15515376,214494,25335,15530929,214494
c820d112a9e272be,43385,33516598,217494,43328,33531804,217494
c853c9fb3bfa280e,59692,49823203,214830,59636,49838385,214830
c8a0364615706d71,56802,46915491,213410,56747,46939656,213410
c8bf4ec5d499d181,16447,6578436,213136,16406,6602340,213136
c8e9e06fcf95c25e,41926,32079574,215157,41865,32094935,215157
c911b89664ed8200,13726,3874988,213064,13659,3890064,213064
c9db57f2291b6000,16702,6840447,211431,16653,6858332,211431
ca0cfa4b5a118965,44867,35015183,214396,44800,35031071,214396
ca7c67a4f75af610,23968,14119997,214165,23905,14136848,214165
cacdb1b481026c05,56420,46559640,212052,56346,46574948,212052
cb0e60aa00f7bb81,34635,24773671,204639,34557,24788263,204639
cb31f9b218baf986,41340,31464157,206382,41280,31482405,206382
cb6d43496e9c9276,21253,11378413,214891,21198,11396094,214891
cbf5c149766b5a29,43355,33479811,216436,,,
cc26415f947ade1d,54519,44671168,206186,54456,44687125,206186
cc6ba060641937bb,23817,13950441,213097,23747,13978080,213097
cc97a759ab2e39f9,51372,41499162,214052,51306,41515264,214052
cc9de1e1155ae7ce,55382,45523631,216156,55312,45539490,216156
cce4db4f603a53d6,45214,35339225,215758,45156,35359318,215758
cd8ee29cd1bba6bd,20237,10362081,215268,20185,10379615,215268
cd983bfda8b1fbc9,57182,47314964,212807,57115,47329551,212807
cdc63e0342e0e506,23631,13757483,232454,23544,13774000,232454
ceb6c7932b5ad131,49605,39740789,214649,49531,39755749,214649
cf86e731abf85dd3,34266,24390538,216641,34210,24410375,216641
cfa7fc0c447b38cf,19545,9678394,199733,,,
d00ce63f10faf2ef,24091,14237696,213741,24032,14253536,213741
d076040466bf07bd,36409,26537813,215781,,,
d0af5aeecaf5ae66,38617,28754014,207162,,,
d12aafd10c912da6,55096,45220681,201331,55039,45237616,201331
d1f97e5ee54e2e4e,44435,34559784,206549,44372,34578451,206549
d23dcfa2461bd008,10222,352843,212694,10167,368876,212694
d241ebda583323b0,20621,10755786,215339,20559,10771159,215339
d259150154cfb745,32368,22495645,216564,32311,22511985,216564
d2640a6fb3256fcb,19889,10030551,201315,19815,10045387,201315
d2dcdfad0f7b5afb,47619,37760577,214061,47545,37776182,214061
d38f7506d09ba1b8,44275,34389805,205450,,,
d39e6a7da7b4f502,10953,1102313,233865,10890,1119484,233865
d3fc4abdec4ee09c,58004,48128746,213646,57945,48147762,213646
d428e7e13702beef,41146,31270823,215742,41089,31289794,215742
d44a991b868eaee7,33409,23538231,239741,33349,23554262,239741
d4baeb6d8b101d18,13481,3617189,213428,13413,3631924,213428
d4e700e0feb1f3ee,30983,21116604,213695,30906,21132972,213695
d55fc76158b1f73e,,,,24611,14814758,214722
d59e8603d8606fd0,54615,44759103,214727,54554,44774352,214727
d5ca7c56569a75d1,18911,9059467,215305,18844,9074547,215305
d60f772fa9e36a77,17362,7499153,236869,17311,7516964,236869
d6459974a8b4e85f,48023,38139657,204148,47956,38159458,204148
d698fbef67ecdb34,48403,38537204,204080,48321,38552364,204080
d85ed79c91e54df1,50520,40657549,215264,50446,40674489,215264
d920c806fabea5f3,57940,48064819,215349,57883,48082897,215349
d9377f3bdc72a8f1,48524,38674942,214735,48461,38691778,214735
d9957bcd2c21a18a,10671,809466,214460,10606,825320,214460
d9a333a6d55c0456,35525,25654415,215765,35455,25670310,215765
d9ba63be79eb3adf,42109,32237127,215688,42053,32253300,215688
da5a26cdbace48ad,57516,47676044,212934,57460,47690733,212934
da5e038562e3fc41,40732,30873876,215535,40658,30889228,215535
daa9a48b76b03f1c,19155,9291946,214330,19096,9307512,214330
dac2831048e9c02f,51053,41174640,203274,,,
db5406c6930152d3,14530,4654208,214415,14468,4670328,214415
dba27f76c9c03fab,16351,6478717,214886,16311,6506668,214886
dbd86db530befeb3,24121,14273544,212959,24062,14289933,212959
dbd8c843fdd29be8,17837,7975794,199528,17772,7991528,199528
dc16167d5b09def4,28261,18414205,214076,28203,18430106,214076
dca3251f41dcef02,43291,33417897,217844,43234,33439214,217844
dcbde88d68c40d10,17101,7235575,213989,17020,7251527,213989
dcc519ef63b9f7c8,46001,36125817,178245,45939,36140868,178245
dd8381e598d6f408,26653,16791527,216429,26593,16807984,216429
dd9c006b2e982bfa,20778,10915849,217216,20709,10932266,217216
ddf7ce453b4d8c9d,11069,1200923,237141,11012,1218014,237141
de591669976d0422,58976,49100913,201917,58922,49119975,201917
ded383c28a6877bf,12250,2377440,216204,12179,2393526,216204
df1f84b74e7e0cd7,59600,49755651,212507,59539,49770601,212507
df32bb121e550ea6,52914,43035529,213225,52857,43051895,213225
df3fe7223e6672b2,47404,37528466,214793,47333,37548896,214793
df4fe2864a76539a,56293,46432522,213227,56223,46448900,213227
df7be59986410eb6,53514,43656280,213689,53440,43671014,213689
df873b80cadb923e,31490,21616735,212641,31430,21633314,212641
dff177913010d489,29342,19498140,214477,29282,19513313,214477
e0077f78bcb9bfa9,12809,2957425,212331,12743,2972996,212331
e069138cb249c424,20993,11151349,213195,20936,11166681,213195
e07d3c126b55ca9c,55816,45941550,217279,55759,45958747,217279
e1eb0b64fa5cece6,36505,26633804,215168,36441,26649536,215168
e2175e82d95820ea,11264,1399088,215167,11206,1415158,215167
e27c2a85d8debc05,41275,31399996,216588,41216,31418663,216588
e280b9a72030fbac,24251,14378898,214710,24198,14394997,214710
e2bb8a99c3182c5c,55190,45320932,214820,55129,45336258,214820
e366cb01c07fb539,54399,44540227,213538,54325,44556641,213538
e38dbc549ea34a22,38424,28557896,205355,,,
e485129235761aef,38838,28979199,217806,38779,28999054,217806
e50747564c909956,36725,26869180,215820,36653,26884262,215820
e5091ce227c67f18,22494,12619537,215166,22441,12637337,215166
e523e1bc39e7f817,36970,27117899,215322,36907,27134137,215322
e5512469d9521ec8,24734,14859139,213829,24670,14877662,213829
e5a309c4ac5b9edd,28292,18450744,215896,28236,18467122,215896
e5aeeaa557b0bf45,55286,45421065,213969,55221,45437905,213969
e5be7384d43b4244,47892,38018975,205427,,,
e5ceb37a0b51f2f0,49982,40106208,215851,49932,40128493,215851
e6538a43378f0a64,40162,30291702,207259,40107,30307959,207259
e665f09a8f67d8de,27414,17538955,215845,27362,17556782,215845
e6b64d2e1e68fd92,32929,23078578,216013,32868,23094429,216013
e75a9f500b8ba0df,26969,17118366,214615,26903,17134505,214615
e77de2dccd59e8c5,50144,40268486,216280,50091,40289316,216280
e7b325fed1c35934,10065,216934,213887,10003,232542,213887
e80ca4dfdaaadc49,,,,36348,26553899,215743
e81c0620822a26c3,37295,27415025,216718,37242,27434167,216718
e827a6c9ba3178ee,19981,10134731,212357,19919,10150072,212357
e8efd803f4ca8e48,48151,38281668,213938,48080,38297522,213938
e982ba3afddbdd9f,12594,2733655,213421,12518,2749082,213421
e9ac84b92ee1842d,15238,5376503,214602,15183,5392889,214602
ea3c2e9631f14795,21664,11800149,215555,21591,11816348,215555
eaaafe594c6d1652,42022,32177803,214874,41963,32193752,214874
eab0a6d9b30e4a1d,59166,49299899,213289,59104,49315886,213289
eab419b281caad6e,20172,10299785,212578,20120,10315189,212578
eb851133b69a2760,31769,21911098,214876,31697,21928580,214876
ebc5f4c475119ab2,53044,43174346,215296,52984,43189227,215296
ebc6d065c8761a5d,40640,30773231,217052,40568,30789487,217052
ebc78877c80ddeb7,18601,8738562,215313,18531,8754306,215313
ec2febf22a55bff1,45842,35997809,124212,,,
ec39c8cc52849b67,12025,2142728,200451,11962,2163054,200451
ec61b8d8a8cf7b28,54026,44151166,236959,53966,44170989,236959
eeddf2b2882f0aad,27892,18031766,214937,27825,18048529,214937
eee7b82454f64e97,47925,38053477,204067,47860,38069155,204067
eeeca4272f97f1a6,17524,7661521,210922,17473,7676678,210922
ef03795be93bfac6,17896,8042760,196852,17826,8057726,196852
ef2ba4261a079245,57650,47774303,213892,57596,47791280,213892
ef2cce158a6c5731,28105,18258416,215059,28043,18274541,215059
ef8875c99f95c2f0,21575,11699223,197176,21512,11715592,197176
efee1b5c4ebde39b,33117,23242047,217686,33062,23260939,217686
eff5aa0382f66c41,56171,46300598,215574,56107,46317124,215574
f00661d49a850cba,23378,13496431,238612,23292,13517548,238612
f1558ae284c65f57,42657,32796767,206950,42591,32811912,206950
f16b822d60948d81,31554,21680391,216518,31492,21697559,216518
f1d5640da8a4ed10,12380,2504425,214785,12306,2523725,214785
f253ce544224869a,39851,29995943,217118,39781,30012653,217118
f29bce3402b56482,31394,21514048,214754,31335,21532500,214754
f2f8e218bd74a373,,,,40237,30433588,176475
f2f9da4ae256f3df,15025,5181597,213497,14967,5198640,213497
f34333fa7a06c2e0,51117,41242119,206129,51062,41261864,206129
f3616f6a3d3ae43f,34137,24253867,214411,34084,24276138,214411
f3b18ae9fe966d3f,56234,46360280,213840,56168,46376303,213840
f40f3274f28ffb92,16004,6159789,213216,15944,6175744,213216
f435aa379d69e727,59790,49917675,199176,59734,49933100,199176
f48f09fe2e70e4f2,41178,31293384,216299,41120,31316967,216299
f5ae21443ea2d938,53930,44053021,215324,53871,44068409,215324
f5e9c9cfe528af3c,52105,42229787,237096,52046,42248740,237096
f618a6a522a71662,20840,10978429,215336,20768,10994093,215336
f6a9a413c386c495,42337,32471356,205669,42278,32486884,205669
f6ae8d46222dd339,50641,40793152,215347,50578,40809404,215347
f720d4af658dd5c0,30920,21060530,214258,30847,21076836,214258
f79abe6ee8ef4df5,51466,41598692,213349,51392,41613807,213349
f7f03ba0b5157caf,54461,44599791,216192,54390,44616206,216192
f84581a3a37f5288,40357,30476257,208784,40299,30494284,208784
f857f4e82a78bd35,35617,25758243,214945,35543,25773962,214945
f87ca2c435d006cd,22268,12392470,214753,22218,12410798,214753
f89937ab722851ed,50014,40137369,216123,49964,40154642,216123
f8de3591c3311f13,47278,37393491,207015,47211,37416671,207015
f95c3d05f2ed0013,49633,39777292,215924,49563,39794767,215924
f9a60cbb42a31f74,35432,25559579,216279,35368,25575847,216279
f9d0acc52c59c992,55537,45675337,215074,55460,45691077,215074
f9ecfe1c9a72ce33,29881,20013940,213136,29818,20029781,213136
fa06b8a2b9514916,21759,11899950,212964,21684,11914556,212964
fa2973883aa0349d,34520,24645225,206514,,,
fac99a7390ac4fbe,22780,12903466,198104,22712,12917902,198104
fb0559fb4da99408,34606,24739049,202748,34532,24754174,202748
fb378350d0d860a9,,,,49079,39270167,200063
fb46591186c1562c,26906,17050339,214832,26834,17065647,214832
fc314f9c8caf96e6,15560,5699489,212349,15499,5714747,212349
fd4d282e3ec7c77b,28454,18578385,214808,28400,18596684,214808
fe82dbc4bd265805,41622,31753749,216764,41550,31769186,216764
fe9dd9c0c97008bc,53012,43137855,204413,,,
ff047a92f070e3c4,22838,12971342,201807,22762,12985208,201807
ff47de93d342fc2a,25016,15159615,215076,24950,15175299,215076
ffb58df3d2819fa5,34696,24837168,205064,34622,24852872,205064
ffbaca7db728de6f,35015,25139643,214312,34959,25158175,214312
